Ticker,Date,Close,Volume,daily_return,volume_zscore,anomaly_score,is_anomaly
AAPL,2023-05-04,165.7899932861328,81235400.0,-0.009913429037699317,2.8265476752510463,0.055995067628760165,0
AAPL,2023-05-05,173.57000732421875,113316400.0,0.04692692172716728,3.42883928531434,-0.13912878966458908,1
AAPL,2023-05-08,173.5,55962800.0,-0.0004033376808469935,-0.058180467502925166,0.037262358271364704,0
AAPL,2023-05-09,171.77000427246094,45326900.0,-0.009971156931060876,-0.6948407434796761,0.05447838607019195,0
AAPL,2023-05-10,173.55999755859375,53724500.0,0.010420872338650744,-0.1979659415333406,0.0528010160908724,0
AAPL,2023-05-11,173.75,49514700.0,0.0010947363682816125,-0.3998709742236447,0.10265166179638935,0
AAPL,2023-05-12,172.57000732421875,45497800.0,-0.006791324752697836,-0.6301333448702618,0.12948779190564375,0
AAPL,2023-05-15,172.07000732421875,37266700.0,-0.002897374855299284,-1.1037281942584576,0.12072894498047243,0
AAPL,2023-05-16,172.07000732421875,42110300.0,0.0,-0.7783022866892473,0.11043064466345998,0
AAPL,2023-05-17,172.69000244140625,57951600.0,0.0036031562201266354,0.1311511012625755,0.12019909632015968,0
AAPL,2023-05-18,175.0500030517578,65496700.0,0.013666110237923634,0.5380765574856738,0.11887363156590691,0
AAPL,2023-05-19,175.16000366210938,55772400.0,0.0006283953638037687,-0.02970237858570805,0.10483636038175059,0
AAPL,2023-05-22,174.1999969482422,43570900.0,-0.005480741572254533,-0.7597545497793231,0.13463701396260425,0
AAPL,2023-05-23,171.55999755859375,50747300.0,-0.015154991021227304,-0.3401745751119057,0.10553679382829273,0
AAPL,2023-05-24,171.83999633789062,45143500.0,0.00163207497832496,-0.672486927790888,0.1545460956259122,0
AAPL,2023-05-25,172.99000549316406,56058300.0,0.0066923253013353445,0.0036754180913223158,0.18113602896658432,0
AAPL,2023-05-26,175.42999267578125,54835000.0,0.014104787011603337,-0.06854455981946844,0.15154297318653503,0
AAPL,2023-05-30,177.3000030517578,55964400.0,0.010659581907596527,-0.01131299929428835,0.15232207990393398,0
AAPL,2023-05-31,177.25,99625300.0,-0.0002820251037627397,2.1357514370619444,0.10376287042318821,0
AAPL,2023-06-01,180.08999633789062,68901800.0,0.016022546335066945,0.5197640603809808,0.11321268916512045,0
AAPL,2023-06-02,180.9499969482422,61945900.0,0.004775393568990927,0.2163327630496348,0.17270486194035145,0
AAPL,2023-06-05,179.5800018310547,121946500.0,-0.0075711253953729685,3.1889165889802107,-0.01555914537502312,1
AAPL,2023-06-06,179.2100067138672,64848400.0,-0.002060335858196427,0.3021025825963662,0.17172217157228048,0
AAPL,2023-06-07,177.82000732421875,61944600.0,-0.007756259904993845,0.11661739545361823,0.14649956673140113,0
AAPL,2023-06-08,180.57000732421875,50214900.0,0.01546507640721173,-0.4672172132449603,0.13011434217016715,0
AAPL,2023-06-09,180.9600067138672,48870700.0,0.002159823746078704,-0.532992834736668,0.166300578178264,0
AAPL,2023-06-12,183.7899932861328,54274900.0,0.015638740424785524,-0.28579689898562194,0.14131849620509468,0
AAPL,2023-06-13,183.3099975585937,54929100.0,-0.002611653218746457,-0.30828429288495346,0.16327797261899518,0
AAPL,2023-06-14,183.9499969482422,57462900.0,0.003491350161869411,-0.22060455349801178,0.193122337780036,0
AAPL,2023-06-15,186.009994506836,65433200.0,0.0111986822113046,0.1919095503553747,0.14749930971319564,0
AAPL,2023-06-16,184.9199981689453,101235600.0,-0.005859880490726166,1.8399451090290226,0.1264857524912496,0
AAPL,2023-06-20,185.009994506836,49799100.0,0.0004866771511020662,-0.6605086450628211,0.15095675624137106,0
AAPL,2023-06-21,183.9600067138672,49515700.0,-0.00567530308709896,-0.6975508153605364,0.17871082226595697,0
AAPL,2023-06-22,187.0,51245300.0,0.016525294494369236,-0.6141237240251021,0.0973970880999604,0
AAPL,2023-06-23,186.67999267578125,53079300.0,-0.0017112691134693048,-0.5516516654086824,0.15755292868851473,0
AAPL,2023-06-26,185.2700042724609,48088700.0,-0.007552970101992407,-0.7718488498975988,0.16828949942345095,0
AAPL,2023-06-27,188.0599975585937,50730800.0,0.015059066345298744,-0.6275732538039769,0.14095969380213907,0
AAPL,2023-06-28,189.25,51216800.0,0.0063277807979102985,-0.5885617042190106,0.1811140528164074,0
AAPL,2023-06-29,189.58999633789065,46347300.0,0.001796546039052327,-0.7543196395429048,0.15103082487941422,0
AAPL,2023-06-30,193.97000122070312,85069600.0,0.023102510509079632,1.206924344564799,0.06335549666774809,0
AAPL,2023-07-03,192.4600067138672,31458200.0,-0.007784680606965799,-1.3724191604477904,0.13462532573898978,0
AAPL,2023-07-05,191.3300018310547,46920300.0,-0.005871375056598072,-0.6206937882247415,0.17655845754835875,0
AAPL,2023-07-06,191.8099975585937,45094300.0,0.002508732153584825,-0.675037503209322,0.1450776728921801,0
AAPL,2023-07-07,190.67999267578125,46778000.0,-0.0058912720775529115,-0.5103029792960788,0.17757895640485705,0
AAPL,2023-07-10,188.6100006103516,59922200.0,-0.010855843008916621,0.3381931620207635,0.13364466252666873,0
AAPL,2023-07-11,188.0800018310547,46638100.0,-0.002810024800285249,-0.5421822887774126,0.16549572776983257,0
AAPL,2023-07-12,189.7700042724609,60750200.0,0.008985550962107514,0.3765661788178934,0.14866407227593975,0
AAPL,2023-07-13,190.5399932861328,41342300.0,0.004057485357730206,-0.8508900138566782,0.1695169248389755,0
AAPL,2023-07-14,190.69000244140625,41573900.0,0.0007872843526774975,-0.771861025002994,0.1583696188348075,0
AAPL,2023-07-17,193.9900054931641,50520200.0,0.017305590274832694,-0.1527817924937562,0.11513789304238742,0
AAPL,2023-07-18,193.72999572753903,48353800.0,-0.0013403255748359877,-0.18115238195127606,0.16347740039051284,0
AAPL,2023-07-19,195.1000061035156,80507300.0,0.007071751438550322,2.3306769303682824,0.0533374151688496,0
AAPL,2023-07-20,193.1300048828125,59581200.0,-0.010097391896840113,0.5882644879678381,0.1429497857501889,0
AAPL,2023-07-21,191.94000244140625,71917800.0,-0.006161665258219817,1.4117930402143535,0.1253829956236393,0
AAPL,2023-07-24,192.75,45377800.0,0.004220055998181094,-0.5658751695944068,0.1652863875667837,0
AAPL,2023-07-25,193.6199951171875,37283200.0,0.004513593344682265,-1.0988849243035874,0.15824689405288694,0
AAPL,2023-07-26,194.5,47471900.0,0.00454501035536059,-0.3438594777150721,0.17869461596809155,0
AAPL,2023-07-27,193.22000122070312,47460200.0,-0.006580970587644619,-0.33011326495095056,0.09179482610699596,0
AAPL,2023-07-28,195.8300018310547,48291400.0,0.013507921508448373,-0.2776642415530972,0.13573708583496485,0
AAPL,2023-07-31,196.4499969482422,38824100.0,0.003165986372825502,-0.9407616768526401,0.14220288936024483,0
AAPL,2023-08-01,195.6100006103516,35175100.0,-0.004275878599844907,-1.3007046491563081,0.13019334711165137,0
AAPL,2023-08-02,192.5800018310547,50389300.0,-0.015489999334607374,0.019943329450565723,0.11170895885765125,0
AAPL,2023-08-03,191.1699981689453,61235200.0,-0.007321651514710981,0.8880959279007405,0.13493909277803323,0
AAPL,2023-08-04,181.9900054931641,115799700.0,-0.048020048981056385,3.32211826715381,-0.12487650782640669,1
AAPL,2023-08-07,178.85000610351562,97576100.0,-0.0172536913834338,1.9810296780509569,0.003257588945876466,0
AAPL,2023-08-08,179.8000030517578,67823000.0,0.005311696482092065,0.5015685469123994,0.10620181752549601,0
AAPL,2023-08-09,178.19000244140625,60378500.0,-0.00895439701348677,0.14551946633655938,0.07698956373090948,0
AAPL,2023-08-10,177.97000122070312,54686900.0,-0.0012346440186814522,-0.16197659820031537,0.07998652626910657,0
AAPL,2023-08-11,177.7899932861328,51988100.0,-0.0010114509936260951,-0.3237180121577571,0.14968463392561315,0
AAPL,2023-08-14,179.4600067138672,43675600.0,0.009393180104611876,-0.7109697347243811,0.14851291834612262,0
AAPL,2023-08-15,177.4499969482422,43622600.0,-0.01120032146677552,-0.6969643139752872,0.12580340228718373,0
AAPL,2023-08-16,176.57000732421875,46964900.0,-0.004959085033290345,-0.46591244997775777,0.15463805754245497,0
AAPL,2023-08-17,174.0,66062900.0,-0.014555174817995509,0.4709300149000622,0.06519256131226658,0
AAPL,2023-08-18,174.49000549316406,61114200.0,0.0028161235239314575,0.25521866029784324,0.11197985707983027,0
AAPL,2023-08-21,175.83999633789062,46311900.0,0.007736780344014926,-0.4952431742612244,0.18026048137194006,0
AAPL,2023-08-22,177.22999572753906,42084200.0,0.007904910251348207,-0.728972194758149,0.15035310548570224,0
AAPL,2023-08-23,181.1199951171875,52722800.0,0.021948877071738204,-0.19956529313490795,0.09302543011163422,0
AAPL,2023-08-24,176.3800048828125,54945800.0,-0.02617044148719283,-0.10525078638941851,0.0,0
AAPL,2023-08-25,178.61000061035156,51449600.0,0.01264313224744873,-0.2949233684082016,0.11011265217199895,0
AAPL,2023-08-28,180.19000244140625,43820700.0,0.008846099466185864,-0.7112061699327005,0.12406692439883388,0
AAPL,2023-08-29,184.1199951171875,53003900.0,0.02181027039532446,-0.28701040516259574,-0.0027960988229586148,1
AAPL,2023-08-30,187.6499938964844,60813900.0,0.019172272827023162,0.10980085746225593,0.08332758312161309,0
AAPL,2023-08-31,187.8699951171875,60794500.0,0.001172401960345626,0.10996172351269651,0.14531122633280613,0
AAPL,2023-09-01,189.4600067138672,45732600.0,0.008463361036912254,-0.7549239295359595,0.12849181053356884,0
AAPL,2023-09-05,189.6999969482422,45280000.0,0.0012667065653462206,-0.9244275441240551,0.13209902249028715,0
AAPL,2023-09-06,182.9100036621093,81755800.0,-0.035793323117371934,2.9020445493760074,-0.1062972965594201,1
AAPL,2023-09-07,177.55999755859375,112488800.0,-0.02924939039090846,3.439815298816865,-0.1210107281143682,1
AAPL,2023-09-08,178.17999267578125,65551300.0,0.0034917499758519988,0.5458075101797276,0.09037619212643072,0
AAPL,2023-09-11,179.36000061035156,58953100.0,0.006622561359722834,0.12670471819577592,0.07411235676252154,0
AAPL,2023-09-12,176.3000030517578,90370200.0,-0.017060646455066664,1.7489653259439302,0.002590516692499656,0
AAPL,2023-09-13,174.2100067138672,84267900.0,-0.011854771989295187,1.2613080684162155,0.0739625046741541,0
AAPL,2023-09-14,175.74000549316406,60895800.0,0.008782496529087691,-0.05708162610923439,0.1499010501806759,0
AAPL,2023-09-15,175.00999450683594,109205100.0,-0.004153926047057777,2.165069602792782,0.09917015570928656,0
AAPL,2023-09-18,177.97000122070312,67257600.0,0.016913358132535583,0.1378109819283702,0.0923313191218385,0
AAPL,2023-09-19,179.07000732421875,51826900.0,0.006180851244426799,-0.6222256814224846,0.135433598320357,0
AAPL,2023-09-20,175.49000549316406,58436200.0,-0.01999219123598317,-0.35214452858758927,0.04625516276554775,0
AAPL,2023-09-21,173.92999267578125,63047900.0,-0.008889468166570769,-0.14895638423140714,0.15495571019693805,0
AAPL,2023-09-22,174.7899932861328,56725400.0,0.0049445216268977354,-0.474186667198517,0.16080629912647304,0
AAPL,2023-09-25,176.0800018310547,46172700.0,0.00738033408360006,-0.9835671223395029,0.15312204946917085,0
AAPL,2023-09-26,171.9600067138672,64588900.0,-0.023398427273646605,-0.1175910113464001,0.04178518998628189,0
AAPL,2023-09-27,170.42999267578125,66921800.0,-0.008897499292564004,-0.033249840826483815,0.12393116255404679,0
AAPL,2023-09-28,170.69000244140625,56294400.0,0.0015256103784480057,-0.5766653487571427,0.09429572092200483,0
AAPL,2023-09-29,171.2100067138672,51814200.0,0.003046483478957418,-0.7765936816611428,0.14703777251459338,0
AAPL,2023-10-02,173.75,52164500.0,0.014835542237771948,-0.7880449896629058,0.1068359415122862,0
AAPL,2023-10-03,172.39999389648438,49594600.0,-0.007769819300809333,-0.945833994176881,0.1477191095556128,0
AAPL,2023-10-04,173.66000366210938,53020300.0,0.00730864159068112,-0.6898074883789936,0.1237631595317854,0
AAPL,2023-10-05,174.91000366210938,48527900.0,0.007197972898999483,-0.911807824901961,0.1728825292787325,0
AAPL,2023-10-06,177.49000549316406,57224100.0,0.014750453244736894,-0.3281905508194782,0.06378766218766829,0
AAPL,2023-10-09,178.99000549316406,42390800.0,0.008451180086631815,-1.1759805116397848,0.12440901956621797,0
AAPL,2023-10-10,178.38999938964844,43698000.0,-0.00335217657467779,-1.0172450983537535,0.15966393339427853,0
AAPL,2023-10-11,179.8000030517578,47551100.0,0.007904051050695804,-0.6892076749995656,0.155083724423201,0
AAPL,2023-10-12,180.7100067138672,56743100.0,0.005061199369654101,-0.029337757458690404,0.1584689376104958,0
AAPL,2023-10-13,178.85000610351562,51427100.0,-0.01029273721015711,-0.3922319112862081,0.12415140884843151,0
AAPL,2023-10-16,178.72000122070312,52517000.0,-0.0007268933652552212,-0.1546075260646484,0.10514264960573255,0
AAPL,2023-10-17,177.14999389648438,57549400.0,-0.0087847320585005,0.5627486844467905,0.11512925553889913,0
AAPL,2023-10-18,175.83999633789062,54764400.0,-0.007394849583563845,0.17235113183606635,0.1591305980378993,0
AAPL,2023-10-19,175.4600067138672,59302900.0,-0.002160996541954341,0.927933813485502,0.13120279742237256,0
AAPL,2023-10-20,172.8800048828125,64189300.0,-0.014704215959948308,1.5428047174099035,0.06520895494674872,0
AAPL,2023-10-23,173.0,55980100.0,0.0006940948276166203,0.2570261965646096,0.038704108796103864,0
AAPL,2023-10-24,173.44000244140625,43816600.0,0.0025433667133309967,-1.4741112633787818,0.13736223029159866,0
AAPL,2023-10-25,171.10000610351562,57157000.0,-0.013491676112499795,0.7737715507527599,0.08462198328162163,0
AAPL,2023-10-26,166.88999938964844,70625300.0,-0.02460553222493822,2.4852597862121217,-0.02639068750288398,1
AAPL,2023-10-27,168.22000122070312,58499100.0,0.007969332110484562,0.6693334341627797,0.15252302054705325,0
AAPL,2023-10-30,170.2899932861328,51131000.0,0.012305267212035398,-0.3801871337573718,0.13656248354004186,0
AAPL,2023-10-31,170.77000427246094,44846000.0,0.0028187856318813154,-1.2071000324510894,0.11103013891126867,0
AAPL,2023-11-01,173.97000122070312,56934900.0,0.018738635990994235,0.4403405232997874,0.05838377630107405,0
AAPL,2023-11-02,177.57000732421875,77334800.0,0.020693257908003027,2.504948028764458,0.035871796044234516,0
AAPL,2023-11-03,176.64999389648438,79763700.0,-0.005181130764130404,2.252182834717172,0.034764179566451725,0
AAPL,2023-11-06,179.22999572753906,63841300.0,0.014605162299448304,0.6457326090193822,0.1105754254812839,0
AAPL,2023-11-07,181.82000732421875,70530000.0,0.014450770844278482,1.1964060218125663,0.11145197151431402,0
AAPL,2023-11-08,182.88999938964844,49340300.0,0.005884897273828127,-0.969953985280928,0.16212995359475119,0
AAPL,2023-11-09,182.4100036621093,53763500.0,-0.0026245050529882796,-0.4990175973854154,0.18623427681471327,0
AAPL,2023-11-10,186.3999938964844,66133400.0,0.021873746802648197,0.6867196237523636,0.0827253913852129,0
AAPL,2023-11-13,184.8000030517578,43627500.0,-0.008583642151915205,-1.4853490120896475,0.11883934515735023,0
AAPL,2023-11-14,187.44000244140625,60108400.0,0.01428571074703422,0.09924014218799208,0.09011260395509113,0
AAPL,2023-11-15,188.009994506836,53790500.0,0.003040930740533465,-0.5072126515225989,0.17373292767646292,0
AAPL,2023-11-16,189.7100067138672,54412900.0,0.00904213742195159,-0.4213053278920274,0.1635056897577209,0
AAPL,2023-11-17,189.69000244140625,50922700.0,-0.0001054465855937492,-0.6893029587670199,0.1539611615711456,0
AAPL,2023-11-20,191.4499969482422,46505100.0,0.009278267089376957,-1.0356360444733375,0.13703885206751248,0
AAPL,2023-11-21,190.63999938964844,38134500.0,-0.004230856994020926,-1.7151003540384708,0.11498509907297072,0
AAPL,2023-11-22,191.3099975585937,39617700.0,0.0035144679557821412,-1.4183500776859932,0.1402944936236788,0
AAPL,2023-11-24,189.97000122070312,24048300.0,-0.007004319455287011,-2.2400891913555534,0.09075804076068578,0
AAPL,2023-11-27,189.7899932861328,40552600.0,-0.0009475597905649336,-0.9256694164672159,0.15824664300457092,0
AAPL,2023-11-28,190.3999938964844,38415400.0,0.003214082048213829,-1.0062088530528668,0.13372109784050762,0
AAPL,2023-11-29,189.3699951171875,43014200.0,-0.0054096576277039565,-0.6714165762295915,0.12452473779199907,0
AAPL,2023-11-30,189.9499969482422,48794400.0,0.0030627968844576525,-0.23556235284972096,0.1477131570327213,0
AAPL,2023-12-01,191.2400054931641,45679300.0,0.006791305952341897,-0.37695305620556174,0.14169398897255864,0
AAPL,2023-12-04,189.42999267578125,43389500.0,-0.009464613916503661,-0.4851134967817717,0.13441274486627958,0
AAPL,2023-12-05,193.4199981689453,66628400.0,0.02106321938149014,1.581609735553663,0.061378114442039555,0
AAPL,2023-12-06,192.32000732421875,41089700.0,-0.0056870585003612195,-0.6238090689873729,0.1577974691574623,0
AAPL,2023-12-07,194.2700042724609,47477700.0,0.010139334827264257,0.01706578718116983,0.13649163800666692,0
AAPL,2023-12-08,195.7100067138672,53377300.0,0.007412376639404972,0.6036794738660818,0.16119583782159963,0
AAPL,2023-12-11,193.17999267578125,60943700.0,-0.012927361664163084,1.444193279741477,0.0665176403875809,0
AAPL,2023-12-12,194.7100067138672,52696900.0,0.007920147510585007,0.538851733374157,0.16916989372493751,0
AAPL,2023-12-13,197.9600067138672,70404200.0,0.016691489332522957,2.110724065932999,0.08955844698596876,0
AAPL,2023-12-14,198.1100006103516,66831600.0,0.000757697976345284,1.599970866396633,0.1263821946981073,0
AAPL,2023-12-15,197.57000732421875,128256700.0,-0.002725724519050954,3.59221255215458,0.07207684639241613,0
AAPL,2023-12-18,195.88999938964844,55751900.0,-0.008503355126233125,0.1499889840163932,0.16187743924405534,0
AAPL,2023-12-19,196.94000244140625,40714100.0,0.005360166700849378,-0.5442436771358531,0.14647305939254995,0
AAPL,2023-12-20,194.8300018310547,52242800.0,-0.010713925988598105,-0.0358656570257912,0.1461370536780388,0
AAPL,2023-12-21,194.67999267578125,46482500.0,-0.0007699489496669765,-0.3291158988993233,0.13480320061730516,0
AAPL,2023-12-22,193.6000061035156,37122800.0,-0.005547496470601709,-0.8410854429842436,0.1649987863303471,0
AAPL,2023-12-26,193.0500030517578,28919300.0,-0.0028409247645565516,-1.1872859598040975,0.12094429128801015,0
AAPL,2023-12-27,193.1499938964844,48087700.0,0.0005179530854488856,-0.2850950787361873,0.14641358553494527,0
AAPL,2023-12-28,193.5800018310547,34049900.0,0.002226290179438095,-0.9362361373573032,0.0933886462259313,0
AAPL,2023-12-29,192.52999877929688,42628800.0,-0.005424129774904141,-0.5043980835688673,0.10418019554790586,0
AAPL,2024-01-02,185.63999938964844,82488700.0,-0.03578662771169838,1.2648776583054149,-0.06474204735811095,1
AAPL,2024-01-03,184.25,58414500.0,-0.007487607165581278,0.12434042175050346,0.14551133317310377,0
AAPL,2024-01-04,181.9100036621093,71983600.0,-0.01270011580944752,0.7345876990793145,0.09361249152701606,0
AAPL,2024-01-05,181.17999267578125,62303300.0,-0.004013033761925522,0.24379321424688538,0.16745908096252327,0
AAPL,2024-01-08,185.5599975585937,59144500.0,0.024174881663950654,0.07021200002645206,0.02265474372525822,0
AAPL,2024-01-09,185.13999938964844,42841800.0,-0.0022634090023235798,-0.6597503975689044,0.12021352067666513,0
AAPL,2024-01-10,186.19000244140625,46792900.0,0.005671400319862574,-0.4423889703158059,0.13342954727450462,0
AAPL,2024-01-11,185.58999633789065,49128400.0,-0.0032225473744457167,-0.3260228365158422,0.15216393421753704,0
AAPL,2024-01-12,185.9199981689453,40444700.0,0.0017781229460980263,-0.65580875206779,0.1498923047222041,0
AAPL,2024-01-16,183.6300048828125,65603000.0,-0.012317089655153213,0.5026429496730093,0.050610350029150375,0
AAPL,2024-01-17,182.67999267578125,47317400.0,-0.005173512943255187,-0.2508194666369137,0.13196493734399273,0
AAPL,2024-01-18,188.6300048828125,78005800.0,0.032570683411353496,1.8107279215182472,-0.03411930340235492,1
AAPL,2024-01-19,191.5599975585937,68741000.0,0.0155330148965509,1.0586715409341645,0.11188342343057889,0
AAPL,2024-01-22,193.88999938964844,60133900.0,0.012163300588589943,0.44551295457227125,0.129784658698204,0
AAPL,2024-01-23,195.17999267578125,42355600.0,0.006653222395139657,-0.7337284890557725,0.1479462454135388,0
GOOG,2023-05-04,105.20999908447266,19780600.0,-0.008575232176374015,-0.6170825959913333,0.184153192161841,0
GOOG,2023-05-05,106.21499633789062,20705300.0,0.00955229790099188,-0.40011307596009876,0.20359158648448827,0
GOOG,2023-05-08,108.23999786376952,17266000.0,0.019065118822176208,-0.929104478657446,0.13684064830351522,0
GOOG,2023-05-09,107.94000244140624,24782400.0,-0.0027715763884331723,0.2382576835845361,0.17599736796987098,0
GOOG,2023-05-10,112.27999877929688,47533500.0,0.040207487861106506,2.8131110375240476,-0.04987584434205605,1
GOOG,2023-05-11,116.9000015258789,57115100.0,0.0411471570788251,2.8251722601212794,-0.016806718062489234,1
GOOG,2023-05-12,117.91999816894533,31272500.0,0.00872537750002178,0.4059727212280945,0.1805525743946248,0
GOOG,2023-05-15,116.95999908447266,22107900.0,-0.008141104981169267,-0.40422318297728094,0.159173207955366,0
GOOG,2023-05-16,120.08999633789062,32370100.0,0.026761262636103345,0.47537475263219026,0.07198608976706888,0
GOOG,2023-05-17,121.4800033569336,26659600.0,0.011574711145231342,-0.10379767075153384,0.19375512136964684,0
GOOG,2023-05-18,123.5199966430664,27014500.0,0.016792831986832235,-0.09201768219551297,0.1877100280775712,0
GOOG,2023-05-19,123.25,30251300.0,-0.0021858537111736354,0.18233660832822365,0.16460926919482904,0
GOOG,2023-05-22,125.87000274658205,29760200.0,0.021257628775513515,0.09563640858351978,0.14312450896193857,0
GOOG,2023-05-23,123.29000091552734,24477900.0,-0.020497352623794707,-0.38686488230590244,0.14802105610998062,0
GOOG,2023-05-24,121.63999938964844,23087900.0,-0.01338309281877137,-0.46087112592214907,0.17526882481953088,0
GOOG,2023-05-25,124.3499984741211,33812700.0,0.022278848224848602,0.6362700376747981,0.09270672037490696,0
GOOG,2023-05-26,125.43000030517578,25154700.0,0.008685177678385392,-0.24527179312703362,0.19789988830878424,0
GOOG,2023-05-30,124.63999938964844,27230700.0,-0.006298341015747777,-0.0678239249016493,0.1649458379510944,0
GOOG,2023-05-31,123.37000274658205,41548800.0,-0.010189318431366057,1.2550442141974893,0.16859099072100575,0
GOOG,2023-06-01,124.37000274658205,25017700.0,0.008105698125452143,-0.4465557358717493,0.2059619248379479,0
GOOG,2023-06-02,125.2300033569336,19362400.0,0.006914855603114445,-1.0253233352034008,0.18775251919620772,0
GOOG,2023-06-05,126.62999725341795,22672500.0,0.011179380810955264,-0.700762211276436,0.1642111254209711,0
GOOG,2023-06-06,127.91000366210938,19450100.0,0.010108240041495131,-1.061228338234421,0.1764258389172106,0
GOOG,2023-06-07,122.94000244140624,34179300.0,-0.03885545366593868,0.44010103604083867,-0.013179815210714874,1
GOOG,2023-06-08,122.66999816894533,24815000.0,-0.0021962279738004797,-0.4714974753817301,0.183117081483881,0
GOOG,2023-06-09,122.87000274658205,20304500.0,0.0016304278195331534,-1.1849144088700891,0.15516877997594303,0
GOOG,2023-06-12,124.3499984741211,22255700.0,0.012045216036915996,-0.7611347296832052,0.18547116763403543,0
GOOG,2023-06-13,124.43000030517578,19287700.0,0.0006433601289617119,-1.2267173760056067,0.12115896667858023,0
GOOG,2023-06-14,124.37999725341795,24659600.0,-0.0004018568804563527,-0.24539812161273497,0.16967156703243957,0
GOOG,2023-06-15,125.79000091552734,24517100.0,0.011336257382580373,-0.25128099758449457,0.17673950721336806,0
GOOG,2023-06-16,124.05999755859376,56686800.0,-0.013753107117753682,3.2802171385383487,0.07231912567300547,0
GOOG,2023-06-20,123.8499984741211,22698000.0,-0.0016927219781177616,-0.4859166105098513,0.1964825455985325,0
GOOG,2023-06-21,121.26000213623048,22612000.0,-0.02091236471376945,-0.45414983989823027,0.14949839631519912,0
GOOG,2023-06-22,123.87000274658205,20781900.0,0.02152400267500676,-0.6312980197472312,0.07890935973671487,0
GOOG,2023-06-23,123.0199966430664,29542900.0,-0.00686208189770221,0.29965169762910165,0.13495275741923052,0
GOOG,2023-06-26,119.08999633789062,23185000.0,-0.031946028389013836,-0.34842508720528576,0.06433478353084265,0
GOOG,2023-06-27,119.01000213623048,27221700.0,-0.0006717121850703389,0.09182160158030332,0.14683858289880436,0
GOOG,2023-06-28,121.08000183105467,19753100.0,0.0173934934683444,-0.6931589194655217,0.09984257879987168,0
GOOG,2023-06-29,120.01000213623048,18517500.0,-0.008837129820308265,-0.755510634546324,0.18608684503904982,0
GOOG,2023-06-30,120.97000122070312,23865800.0,0.007999325617733755,-0.11315083981360399,0.1632716422047556,0
GOOG,2023-07-03,120.55999755859376,13888300.0,-0.0033893003056297832,-1.2262244589935822,0.15324510616471115,0
GOOG,2023-07-05,122.62999725341795,17830300.0,0.017169871738079046,-0.7344936874404634,0.1445077268584785,0
GOOG,2023-07-06,120.93000030517578,17732500.0,-0.013862814860291395,-0.7310380273093514,0.15496365991527067,0
GOOG,2023-07-07,120.13999938964844,20982400.0,-0.006532712424821896,-0.300205619156275,0.19962617413327677,0
GOOG,2023-07-10,116.87000274658205,32960100.0,-0.027218217576819304,1.018987286541097,0.0937201003552443,0
GOOG,2023-07-11,117.70999908447266,18286600.0,0.0071874417570780835,-0.627738732122828,0.20482847702981105,0
GOOG,2023-07-12,119.62000274658205,22059600.0,0.01622635015686913,-0.20188027159643085,0.15837592623580093,0
GOOG,2023-07-13,124.83000183105467,31535900.0,0.04355458087983943,0.7876549086699819,-0.019461585768133394,1
GOOG,2023-07-14,125.6999969482422,20482800.0,0.0069694392728198995,-0.41843633396163826,0.16442488597338073,0
GOOG,2023-07-17,125.05999755859376,20675300.0,-0.0050914829370438675,-0.3743449446447237,0.18844399068760248,0
GOOG,2023-07-18,124.08000183105467,21071200.0,-0.00783620459515788,-0.2522947294193196,0.17564691094442253,0
GOOG,2023-07-19,122.77999877929688,22313800.0,-0.010477135981411867,0.010166065291884737,0.14114423544214982,0
GOOG,2023-07-20,119.52999877929688,27541700.0,-0.026470109401467212,1.0162835978450082,0.019294178690793307,0
GOOG,2023-07-21,120.30999755859376,56498100.0,0.006525548291329786,3.560784358588716,0.07627599887676684,0
GOOG,2023-07-24,121.87999725341795,22276100.0,0.013049619538555435,-0.18487669155215483,0.16332974118251042,0
GOOG,2023-07-25,122.79000091552734,31820800.0,0.007466390569547343,0.8160707655011196,0.18027400521049913,0
GOOG,2023-07-26,129.66000366210938,46216900.0,0.05594920348040566,2.0186713185656444,-0.08902837280796017,1
GOOG,2023-07-27,129.8699951171875,35931600.0,0.0016195545977721881,0.9316119643546656,0.051065394808100684,0
GOOG,2023-07-28,133.00999450683594,26971000.0,0.024178020387350285,0.040866499849111594,0.12137928508779561,0
GOOG,2023-07-31,133.11000061035156,18381900.0,0.0007518690898862257,-0.7500680180621482,0.13710366521349426,0
GOOG,2023-08-01,131.88999938964844,22154300.0,-0.009165361093148805,-0.44584971056742034,0.11287362330666767,0
GOOG,2023-08-02,128.63999938964844,22705800.0,-0.02464174702433941,-0.4224945455428036,0.10657172567226175,0
GOOG,2023-08-03,128.77000427246094,15018100.0,0.0010106101012852253,-1.1605743607665948,0.14743309179888386,0
GOOG,2023-08-04,128.5399932861328,20509500.0,-0.0017862155680405944,-0.6161496010082671,0.13688354778130274,0
GOOG,2023-08-07,131.94000244140625,17621000.0,0.026450982829172354,-0.8179479368435644,0.09805092561984485,0
GOOG,2023-08-08,131.83999633789062,16836000.0,-0.0007579665125444501,-0.8820948335887236,0.1465110396417963,0
GOOG,2023-08-09,130.14999389648438,17745200.0,-0.012818586835173784,-0.7633993398637545,0.17225891888266237,0
GOOG,2023-08-10,130.2100067138672,17855700.0,0.0004611050341696288,-0.6842437876037294,0.1361554124988255,0
GOOG,2023-08-11,130.1699981689453,15191500.0,-0.0003072616762073155,-0.897161872589078,0.15275774417410765,0
GOOG,2023-08-14,131.8300018310547,17526200.0,0.01275258266466972,-0.6583273087855295,0.17999107296909916,0
GOOG,2023-08-15,130.27000427246094,14769200.0,-0.011833403147433419,-0.8691685413918165,0.191276735348077,0
GOOG,2023-08-16,129.11000061035156,17548400.0,-0.008904610609232977,-0.5886268258292694,0.1963807940568974,0
GOOG,2023-08-17,130.4600067138672,23665600.0,0.01045624736374906,-0.017827070161084053,0.1772249070119798,0
GOOG,2023-08-18,128.11000061035156,23619400.0,-0.01801322997529653,0.17702195851103356,0.15817573937441698,0
GOOG,2023-08-21,128.92999267578125,21851100.0,0.006400687389922943,-0.04369262376820891,0.2045353339202549,0
GOOG,2023-08-22,129.69000244140625,15569400.0,0.00589474760567299,-0.7544857402786811,0.20546972548771902,0
GOOG,2023-08-23,133.2100067138672,26497000.0,0.027141677894957805,1.1672487413102153,0.0910783924369647,0
GOOG,2023-08-24,130.4199981689453,18680400.0,-0.020944436636166297,-0.2288583911553165,0.0765226925121898,0
GOOG,2023-08-25,130.69000244140625,20678100.0,0.0020702674149035705,0.4387504695311547,0.17290784474816995,0
GOOG,2023-08-28,131.7899932861328,16715500.0,0.008416794124858518,-0.7202173136747192,0.17573469956715743,0
GOOG,2023-08-29,135.49000549316406,30803300.0,0.028075061806840385,2.662557035279778,0.05332076740063885,0
GOOG,2023-08-30,136.92999267578125,21773400.0,0.010627995602892293,0.5372505097864382,0.18832411309048364,0
GOOG,2023-08-31,137.35000610351562,28147900.0,0.0030673588709586586,1.7848922492229835,0.14114728301200657,0
GOOG,2023-09-01,136.8000030517578,16665700.0,-0.004004390442788108,-0.7331914927749934,0.1795868665593895,0
GOOG,2023-09-05,136.7100067138672,17730200.0,-0.000657867952360891,-0.4997981468454777,0.18882407045605853,0
GOOG,2023-09-06,135.3699951171875,15814300.0,-0.009801854515919417,-0.9030218596004939,0.16974346805475377,0
GOOG,2023-09-07,136.1999969482422,16976000.0,0.006131357472061394,-0.6373291915395402,0.1822446739965236,0
GOOG,2023-09-08,137.1999969482422,17810700.0,0.0073421440705319085,-0.45504177478827607,0.18108265982847965,0
GOOG,2023-09-11,137.74000549316406,17180800.0,0.003935922426627991,-0.6255586936787929,0.18246284124440387,0
GOOG,2023-09-12,136.07000732421875,15212900.0,-0.012124278367537822,-1.0148933748443634,0.15807696596375925,0
GOOG,2023-09-13,137.5,16394900.0,0.010509242293005538,-0.7897879369616527,0.16885472866262397,0
GOOG,2023-09-14,138.99000549316406,19064600.0,0.010836403586647725,-0.21768825705860326,0.17132494566390216,0
GOOG,2023-09-15,138.3000030517578,48947600.0,-0.004964403296179309,3.516556297893807,0.08981593700641599,0
GOOG,2023-09-18,138.9600067138672,16233600.0,0.004772260647473603,-0.5939753824198917,0.1765589551541576,0
GOOG,2023-09-19,138.8300018310547,15479100.0,-0.0009355561062989182,-0.6418076809985633,0.15166929929255585,0
GOOG,2023-09-20,134.58999633789062,21473500.0,-0.030540988527276824,0.0706424060485457,0.06613578453125268,0
GOOG,2023-09-21,131.36000061035156,22042700.0,-0.023998780113122953,0.17287972236955382,0.12282844775257012,0
GOOG,2023-09-22,131.25,17348700.0,-0.0008373980651679158,-0.4178064211015696,0.19101114142589998,0
GOOG,2023-09-25,132.1699981689453,14650000.0,0.0070095098586309135,-0.7132798956159138,0.19872375570974748,0
GOOG,2023-09-26,129.4499969482422,20378800.0,-0.02057956615257195,-0.01613922144774297,0.15241393922348906,0
GOOG,2023-09-27,131.4600067138672,18764200.0,0.015527306396373675,-0.1513788473551214,0.1801766174182819,0
GOOG,2023-09-28,133.1300048828125,18201400.0,0.01270346937209732,-0.20249923077001936,0.17259108177633742,0
GOOG,2023-09-29,131.85000610351562,23224200.0,-0.009614652838205728,0.5118290529402791,0.14775667986754187,0
GOOG,2023-10-02,135.1699981689453,19210400.0,0.02518006759000957,-0.05441994873466488,0.12986803506844413,0
GOOG,2023-10-03,133.3000030517578,19628700.0,-0.013834394780787407,-0.01005829625630346,0.17699396622563107,0
GOOG,2023-10-04,136.27000427246094,22848000.0,0.022280578790008887,0.3856966092629599,0.13919318939130915,0
GOOG,2023-10-05,135.99000549316406,15922900.0,-0.0020547352353276205,-0.5607368470123791,0.1957572073754632,0
GOOG,2023-10-06,138.72999572753906,20819300.0,0.02014846770862677,0.09206022941939215,0.10224519524448827,0
GOOG,2023-10-09,139.5,16599100.0,0.00555038056782764,-0.4846359016962871,0.19035494605599984,0
GOOG,2023-10-10,139.1999969482422,19554900.0,-0.0021505595108086695,-0.10925830366779046,0.20287143102061278,0
GOOG,2023-10-11,141.6999969482422,20146300.0,0.01795977050868447,-0.05345600911067614,0.1745131130402482,0
GOOG,2023-10-12,140.2899932861328,18173100.0,-0.009950625917263811,-0.3237704991282642,0.19344533796445007,0
GOOG,2023-10-13,138.5800018310547,19438700.0,-0.01218897666913743,0.17644455284123045,0.17501174515326418,0
GOOG,2023-10-16,140.49000549316406,17345600.0,0.013782678863274223,-0.7174444243163502,0.15926178237396849,0
GOOG,2023-10-17,140.99000549316406,17424000.0,0.003558972029681806,-0.7624714877657566,0.1978012808191607,0
GOOG,2023-10-18,139.27999877929688,18304900.0,-0.012128566900085014,-0.314199404956719,0.190579899732704,0
GOOG,2023-10-19,138.97999572753906,21831200.0,-0.0021539564502236486,1.2901942439874559,0.16354061498308092,0
GOOG,2023-10-20,136.74000549316406,24953900.0,-0.01611735719697638,2.2026410035959834,0.11114140454743843,0
GOOG,2023-10-23,137.89999389648438,20780700.0,0.008483167739658404,0.4811444838101028,0.1603313314341866,0
GOOG,2023-10-24,140.1199951171875,26535200.0,0.01609863175461479,2.3748519098178518,0.10491431457556344,0
GOOG,2023-10-25,126.66999816894533,58796100.0,-0.09598913372066165,4.050383170457159,-0.1644417557204978,1
GOOG,2023-10-26,123.44000244140624,33907400.0,-0.025499295604560657,1.1825600694550644,-0.026047101757513014,1
GOOG,2023-10-27,123.4000015258789,37367700.0,-0.0003240514803644068,1.3934437946352163,-0.006508476037160538,1
GOOG,2023-10-30,125.75,24165600.0,0.019043747528870725,0.04421204074339676,0.0,0
GOOG,2023-10-31,125.3000030517578,21123400.0,-0.003578504558586104,-0.27083664597484775,0.034112250877781136,0
GOOG,2023-11-01,127.56999969482422,26536600.0,0.01811649311874919,0.25746308239651916,0.0864704416137207,0
GOOG,2023-11-02,128.5800018310547,24091700.0,0.00791723868187355,-0.0311732594185399,0.07112256726237842,0
GOOG,2023-11-03,130.3699951171875,19517900.0,0.013921241722213873,-0.49343621358772827,0.0858135161431135,0
GOOG,2023-11-06,131.4499969482422,15360400.0,0.00828412879883822,-0.9082591663009542,0.0839507945032188,0
GOOG,2023-11-07,132.39999389648438,19223800.0,0.007227059492563193,-0.5121792259874435,0.10020807816708144,0
GOOG,2023-11-08,133.25999450683594,15093600.0,0.0064954731872868265,-0.8913528071095197,0.15284817142064588,0
GOOG,2023-11-09,131.69000244140625,17976500.0,-0.011781420757518868,-0.6014330253466298,0.17355300206368707,0
GOOG,2023-11-10,134.05999755859375,20872900.0,0.017996773280052114,-0.31980200129699676,0.14838753289010104,0
GOOG,2023-11-13,133.63999938964844,16409900.0,-0.003132911954304207,-0.7601803015722,0.17276652073403592,0
GOOG,2023-11-14,135.42999267578125,22317300.0,0.01339414317800025,-0.19621961968477183,0.14304820472107377,0
GOOG,2023-11-15,136.3800048828125,15840900.0,0.007014784452551659,-0.8306602801129459,0.15468342353298847,0
GOOG,2023-11-16,138.6999969482422,17615100.0,0.017011233189375474,-0.6258931892811762,0.14991226828772936,0
GOOG,2023-11-17,136.94000244140625,25565300.0,-0.012689218064602437,0.1596894273714919,0.17861549097477836,0
GOOG,2023-11-20,137.9199981689453,19569400.0,0.007156387542481379,-0.4278618456365665,0.16668303788205546,0
GOOG,2023-11-21,138.6199951171875,17648100.0,0.005075383972850123,-0.5698663649325799,0.1847626843462956,0
GOOG,2023-11-22,140.02000427246094,17306400.0,0.010099619135680138,-0.6843249898100435,0.1996781061406388,0
GOOG,2023-11-24,138.22000122070312,8828600.0,-0.012855327787701265,-1.9447128435194987,0.1277963150639913,0
GOOG,2023-11-27,138.0500030517578,17886400.0,-0.0012299100524089113,-0.30292168153586146,0.19042443398453024,0
GOOG,2023-11-28,138.6199951171875,17046900.0,0.0041288812229578475,-0.43474159100655807,0.18297536895624633,0
GOOG,2023-11-29,136.39999389648438,21014700.0,-0.016015014420007523,0.5557787416963389,0.12754785707501703,0
GOOG,2023-11-30,133.9199981689453,29913500.0,-0.01818178767237455,2.487754319181564,0.06093289083626263,0
GOOG,2023-12-01,133.32000732421875,24258400.0,-0.004480218435857886,1.1992433304871417,0.1458041119734606,0
GOOG,2023-12-04,130.6300048828125,24117100.0,-0.02017703490567979,1.0790632420424315,0.11212387773217031,0
GOOG,2023-12-05,132.38999938964844,19235100.0,0.01347312593622596,-0.03395713111034308,0.16449010808189657,0
GOOG,2023-12-06,131.42999267578125,16360600.0,-0.007251353714729736,-0.6372967135925662,0.1904392999761199,0
GOOG,2023-12-07,138.4499969482422,38419400.0,0.05341249839203965,2.9415910686398674,-0.0833514677394257,1
GOOG,2023-12-08,136.63999938964844,22990900.0,-0.013073294319178586,0.38072434795617455,0.08124870571574311,0
GOOG,2023-12-11,134.6999969482422,24502900.0,-0.014197910202517372,0.5923028153685459,0.06370053836155842,0
GOOG,2023-12-12,133.63999938964844,26584000.0,-0.007869321325976286,0.842015381193487,0.09983866091585619,0
GOOG,2023-12-13,133.97000122070312,25414500.0,0.0024693342753805414,0.6225457380890227,0.10268593398684234,0
GOOG,2023-12-14,133.1999969482422,29619100.0,-0.005747587261661913,1.163828222377892,0.10871878888863884,0
GOOG,2023-12-15,133.83999633789062,58569400.0,0.004804800332669057,3.3529347291653777,0.08697002458618064,0
GOOG,2023-12-18,137.19000244140625,25699800.0,0.025029932719500714,0.14167068627163568,0.09496236388909929,0
GOOG,2023-12-19,138.10000610351562,20661000.0,0.006633163101648298,-0.3566014400838387,0.16422313255577858,0
GOOG,2023-12-20,139.66000366210938,33507300.0,0.011296144023515975,0.8175949630457162,0.12103206937188304,0
GOOG,2023-12-21,141.8000030517578,18101500.0,0.015322922336633349,-0.6858998976962164,0.14219442439388896,0
GOOG,2023-12-22,142.72000122070312,18494700.0,0.006487998230927383,-0.7377426526380343,0.1666795278952805,0
GOOG,2023-12-26,142.82000732421875,11170100.0,0.0007007154054110565,-1.4043839185895048,0.10908333155589356,0
GOOG,2023-12-27,141.44000244140625,17288400.0,-0.009662545946239276,-0.7976101734276997,0.18818546350615645,0
GOOG,2023-12-28,141.27999877929688,12192500.0,-0.0011312475915408182,-1.2147338560521277,0.14314230506976877,0
GOOG,2023-12-29,140.92999267578125,14872700.0,-0.0024773931663348847,-0.8723172671799214,0.16051080552793007,0
GOOG,2024-01-02,139.55999755859375,20071900.0,-0.009721104011828463,-0.3598824249957911,0.1677894277073531,0
GOOG,2024-01-03,140.36000061035156,18974300.0,0.00573232348633379,-0.436705931892257,0.16358140466493482,0
GOOG,2024-01-04,138.0399932861328,18253300.0,-0.016528977729625693,-0.4985442817949094,0.15558866982265818,0
GOOG,2024-01-05,137.38999938964844,15433200.0,-0.0047087360772110065,-0.7553211260472426,0.17584511397312946,0
GOOG,2024-01-08,140.52999877929688,17645300.0,0.022854643013303866,-0.4756590365875723,0.14338954448850105,0
GOOG,2024-01-09,142.55999755859375,19579700.0,0.014445305606847647,-0.26899266632130187,0.17531012214262454,0
GOOG,2024-01-10,143.8000030517578,16641900.0,0.008698130712680552,-0.5145517645173439,0.1988567476656959,0
GOOG,2024-01-11,143.6699981689453,17471100.0,-0.0009040673160883861,-0.39029739282269665,0.1370927241877315,0
GOOG,2024-01-12,144.24000549316406,13995200.0,0.003967476379783008,-0.6672561313785889,0.17484247779065265,0
GOOG,2024-01-16,144.0800018310547,19198900.0,-0.0011092876872981217,-0.11728020305523361,0.17740158723421767,0
GOOG,2024-01-17,142.88999938964844,17884500.0,-0.008259317228504925,-0.09936939471336792,0.17662116198773503,0
GOOG,2024-01-18,144.99000549316406,18876800.0,0.014696662555012674,0.19424741633498885,0.17626257888936053,0
GOOG,2024-01-19,147.97000122070312,27170900.0,0.020553111350006592,1.8182376567503433,0.0992987518707722,0
GOOG,2024-01-22,147.7100067138672,21829200.0,-0.001757075790302598,1.1874839523947587,0.16087919202039008,0
GOOG,2024-01-23,148.67999267578125,14113600.0,0.006566826334204023,-0.9777716258019924,0.17380397605555198,0
MSFT,2023-05-04,305.4100036621094,22519900.0,0.003318034776204515,-0.5246110037319085,0.0774906874514934,0
MSFT,2023-05-05,310.6499938964844,28181200.0,0.017157231824574737,-0.026435494946461833,0.061450157717584,0
MSFT,2023-05-08,308.6499938964844,21318600.0,-0.0064381137591988935,-0.6117054634425538,0.11114259144545702,0
MSFT,2023-05-09,307.0,21340800.0,-0.00534584133845073,-0.5788401895275244,0.1350949788224592,0
MSFT,2023-05-10,312.3099975585937,30078000.0,0.017296408985647105,0.15787433654199368,0.1575896816184849,0
MSFT,2023-05-11,310.1099853515625,31680200.0,-0.007044322065349329,0.26344745516517853,0.1606852538845464,0
MSFT,2023-05-12,308.9700012207031,19758100.0,-0.0036760639279866947,-0.7501534638612078,0.18124083191861934,0
MSFT,2023-05-15,309.4599914550781,16336500.0,0.0015858828767811861,-0.9870390700175659,0.15487835452897858,0
MSFT,2023-05-16,311.739990234375,26730300.0,0.007367668979037845,-0.14923540000977642,0.18463694755533616,0
MSFT,2023-05-17,314.0,24315000.0,0.0072496626561315836,-0.39180371513092793,0.1785433056966717,0
MSFT,2023-05-18,318.5199890136719,27276000.0,0.01439486947029267,-0.15465004590533116,0.15416125873608227,0
MSFT,2023-05-19,318.3399963378906,27529500.0,-0.0005650906755918506,-0.15976256153436014,0.11158239050121599,0
MSFT,2023-05-22,321.17999267578125,24115700.0,0.008921267734376181,-0.4465128106114524,0.1595163929533744,0
MSFT,2023-05-23,315.260009765625,30797200.0,-0.018431979093206596,0.21529527041410107,0.11572598599163697,0
MSFT,2023-05-24,313.8500061035156,23384900.0,-0.004472510367419025,-0.4552928677620718,0.18583270775428806,0
MSFT,2023-05-25,325.9200134277344,43301700.0,0.03845788462479027,2.7587197249532727,-0.05985575885775041,1
MSFT,2023-05-26,332.8900146484375,36630600.0,0.021385618966441866,1.67305233521315,0.0197376969594647,0
MSFT,2023-05-30,331.2099914550781,29503100.0,-0.005046781577794146,0.46170068654974944,0.10299486651458406,0
MSFT,2023-05-31,328.3900146484375,45950600.0,-0.008514165874803026,2.44529375630475,0.07308431014166994,0
MSFT,2023-06-01,332.5799865722656,26773900.0,0.012759133155475944,-0.14931131053100222,0.0887311161154622,0
MSFT,2023-06-02,335.3999938964844,25864000.0,0.00847918527294178,-0.29888414206948016,0.17841522474987043,0
MSFT,2023-06-05,335.94000244140625,21307100.0,0.0016100433951962145,-0.858629309073161,0.17113936688872583,0
MSFT,2023-06-06,333.67999267578125,20396200.0,-0.006727420816814433,-0.9690148222709214,0.1482697100488476,0
MSFT,2023-06-07,323.3800048828125,40717100.0,-0.030867861481214676,1.536207842181498,-0.01323241180202539,1
MSFT,2023-06-08,325.260009765625,23277700.0,0.005813608925801628,-0.6292350645214171,0.15712256032324073,0
MSFT,2023-06-09,326.7900085449219,22514900.0,0.004703925270122644,-0.662713087473647,0.174628383802021,0
MSFT,2023-06-12,331.8500061035156,24260300.0,0.015483942061521594,-0.48364457671108274,0.1385729825703496,0
MSFT,2023-06-13,334.2900085449219,22951300.0,0.0073527268239528265,-0.7293252530991365,0.14644870109432218,0
MSFT,2023-06-14,337.3399963378906,26003800.0,0.009123777902440233,-0.3139104013020771,0.15896890522758012,0
MSFT,2023-06-15,348.1000061035156,38899100.0,0.03189663212910987,1.2685261206993037,-0.029551469135187136,1
MSFT,2023-06-16,342.3299865722656,46533600.0,-0.016575752456419512,1.9062245034133374,0.05567623422816603,0
MSFT,2023-06-20,338.04998779296875,26375400.0,-0.012502552937743827,-0.41521720110820176,0.12342952117605949,0
MSFT,2023-06-21,333.5599975585937,25117800.0,-0.013282030458539373,-0.5680882622695307,0.11471230196963639,0
MSFT,2023-06-22,339.7099914550781,23556800.0,0.01843744436232675,-0.697370659749643,0.09746287150030358,0
MSFT,2023-06-23,335.0199890136719,23084700.0,-0.013805900795904158,-0.7485586087654429,0.09750896124766512,0
MSFT,2023-06-26,328.6000061035156,21520600.0,-0.019162984659683246,-0.8454159569456313,0.0952149541364859,0
MSFT,2023-06-27,334.57000732421875,24354100.0,0.018167988769977272,-0.44079719566778613,0.11577190814609756,0
MSFT,2023-06-28,335.8500061035156,20259500.0,0.0038258025264543694,-0.8684662908113974,0.15142172181927277,0
MSFT,2023-06-29,335.04998779296875,16997000.0,-0.002382070257578861,-1.220483009376103,0.135197826301385,0
MSFT,2023-06-30,340.5400085449219,26823800.0,0.016385676621321066,0.10570189121496061,0.15218771825493055,0
MSFT,2023-07-03,337.989990234375,12508700.0,-0.007488160705236169,-1.6074318421539584,0.12317496460290928,0
MSFT,2023-07-05,338.1499938964844,18172400.0,0.00047339763523290834,-0.8678200243505001,0.12082862959234092,0
MSFT,2023-07-06,341.2699890136719,28161200.0,0.009226660279469279,0.3172284071742029,0.15585245681784554,0
MSFT,2023-07-07,337.2200012207031,21185300.0,-0.011867400953344598,-0.4730592311729051,0.15367262596044123,0
MSFT,2023-07-10,331.8299865722656,32791400.0,-0.015983674245080848,1.0261128272665132,0.11181206293089635,0
MSFT,2023-07-11,332.4700012207031,26698200.0,0.0019287426523706408,0.18535756357622232,0.17473707023510654,0
MSFT,2023-07-12,337.20001220703125,29995300.0,0.014226880527450136,0.5828676581836468,0.13576017731475676,0
MSFT,2023-07-13,342.6600036621094,20567200.0,0.016192144891518767,-0.6460926007267367,0.1488502422944873,0
MSFT,2023-07-14,345.239990234375,28302200.0,0.00752929009715908,0.3547830846681611,0.12695033596875033,0
MSFT,2023-07-17,345.7300109863281,20363900.0,0.0014193626631158196,-0.6122106957290594,0.18093822982364433,0
MSFT,2023-07-18,359.489990234375,64872700.0,0.039799782520444804,3.7723509233175565,-0.12538982802437226,1
MSFT,2023-07-19,355.0799865722656,39732900.0,-0.012267389306818255,1.2383071909536825,0.08623503838962115,0
MSFT,2023-07-20,346.8699951171875,33778400.0,-0.023121526882809107,0.6441771977154621,0.015552061600712874,0
MSFT,2023-07-21,343.7699890136719,69368900.0,-0.00893708348128619,2.7803327802598004,0.02832425861915744,0
MSFT,2023-07-24,345.1099853515625,26678100.0,0.0038979444998537005,-0.1712473120230085,0.12148929951031368,0
MSFT,2023-07-25,350.9800109863281,41637700.0,0.017009144573970625,0.7852815122901963,0.12469338000405294,0
MSFT,2023-07-26,337.7699890136719,58383700.0,-0.03763753364624178,1.6751410561147302,-0.08455464279716896,1
MSFT,2023-07-27,330.7200012207031,39635300.0,-0.02087215567479972,0.4339504160369669,0.0,0
MSFT,2023-07-28,338.3699951171875,28484900.0,0.02313133124167832,-0.3223370211582465,0.024613888548295826,0
MSFT,2023-07-31,335.9200134277344,25446000.0,-0.007240540605867318,-0.5156724333784656,0.07661068241469449,0
MSFT,2023-08-01,336.3399963378906,18311900.0,0.0012502467652069083,-1.025221067617236,0.09593228366246692,0
MSFT,2023-08-02,327.5,27761300.0,-0.02628291738758859,-0.43568498064040345,0.03845201544921484,0
MSFT,2023-08-03,326.6600036621094,18253700.0,-0.0025648743141698516,-1.0278055657988125,0.12993544897206732,0
MSFT,2023-08-04,327.7799987792969,23727700.0,0.003428626414717195,-0.6745434685378787,0.08497541583254603,0
MSFT,2023-08-07,330.1099853515625,17741500.0,0.007108385444331011,-0.9985029198420835,0.1460523019408913,0
MSFT,2023-08-08,326.04998779296875,22327600.0,-0.012298923809499152,-0.6782502708624294,0.134080040615548,0
MSFT,2023-08-09,322.2300109863281,22373300.0,-0.0117159237836445,-0.6435964095827891,0.14444896944535757,0
MSFT,2023-08-10,322.92999267578125,20113700.0,0.0021723044582673268,-0.7864281465172239,0.11375220416853676,0
MSFT,2023-08-11,321.010009765625,24342600.0,-0.0059455081711282665,-0.49971117453212505,0.15910773240302573,0
MSFT,2023-08-14,324.0400085449219,18836100.0,0.009438954198061067,-0.8430611743465597,0.18581494218306716,0
MSFT,2023-08-15,321.8599853515625,16966300.0,-0.006727635896408679,-0.9077938044241455,0.17636997134805854,0
MSFT,2023-08-16,320.3999938964844,20698900.0,-0.004536107380615828,-0.5766538789098806,0.16524919070511862,0
MSFT,2023-08-17,316.8800048828125,21257200.0,-0.010986233085912955,-0.4902425887236822,0.14045191578457578,0
MSFT,2023-08-18,316.4800109863281,24744800.0,-0.001262288217372065,-0.11322453701454281,0.11842251557518868,0
MSFT,2023-08-21,321.8800048828125,24040000.0,0.017062669707495814,-0.16995172333155498,0.1599625318457733,0
MSFT,2023-08-22,322.4599914550781,16102000.0,0.00180187201276083,-0.8748841703092217,0.13480188677822436,0
MSFT,2023-08-23,327.0,21166400.0,0.01407929251760942,-0.27370964642474266,0.17351041921851917,0
MSFT,2023-08-24,319.9700012207031,23281400.0,-0.02149846721497517,0.42539164038865107,-0.02484720949682606,1
MSFT,2023-08-25,322.9800109863281,21684100.0,0.009407162403167968,0.07243549645617962,0.1734747920690432,0
MSFT,2023-08-28,323.70001220703125,14808500.0,0.0022292439043034573,-1.856174676663437,0.09698735320347251,0
MSFT,2023-08-29,328.4100036621094,19284600.0,0.014550482784862373,-0.5182844284739248,0.1180896554332942,0
MSFT,2023-08-30,328.7900085449219,15222100.0,0.0011571050777230418,-1.6589094191622347,0.11972923664831431,0
MSFT,2023-08-31,327.760009765625,26411000.0,-0.0031326948889207618,1.6988719680417284,0.13127062802489659,0
MSFT,2023-09-01,328.6600036621094,14931200.0,0.002745892938946115,-1.5421118678318368,0.10602692371822459,0
MSFT,2023-09-05,333.54998779296875,18553900.0,0.014878549493009485,-0.5204036883601201,0.1519322620168485,0
MSFT,2023-09-06,332.8800048828125,17535800.0,-0.0020086431859566156,-0.7403195149425279,0.18014665414243736,0
MSFT,2023-09-07,329.9100036621094,18381000.0,-0.0089221376386025,-0.44349567103637544,0.17143108004412316,0
MSFT,2023-09-08,334.2699890136719,19530100.0,0.013215680952881836,-0.10350343382105166,0.1562994868900076,0
MSFT,2023-09-11,337.94000244140625,16583300.0,0.010979189123628608,-0.8645204700735141,0.14247857334139774,0
MSFT,2023-09-12,331.7699890136719,17565500.0,-0.01825771848008484,-0.550576562875836,0.12042009324808078,0
MSFT,2023-09-13,336.0599975585937,16544400.0,0.012930670907503439,-0.8404025006930887,0.15384587515832643,0
MSFT,2023-09-14,338.70001220703125,20267000.0,0.007855783692247487,0.2557924158514983,0.1595843702367341,0
MSFT,2023-09-15,330.2200012207031,37666900.0,-0.025036937350757182,3.2799527723641995,0.013836052950064293,0
MSFT,2023-09-18,329.0599975585937,16834200.0,-0.0035128207189791816,-0.5675846340380876,0.16074714210190283,0
MSFT,2023-09-19,328.6499938964844,16505900.0,-0.0012459845169612294,-0.563588912763735,0.14144677744688072,0
MSFT,2023-09-20,320.7699890136719,21436500.0,-0.02397689039755313,0.3341547112572644,0.054776744585422144,0
MSFT,2023-09-21,319.5299987792969,35529500.0,-0.00386566785187048,2.411333817939088,0.08394625037249492,0
MSFT,2023-09-22,317.010009765625,21447900.0,-0.007886549066751236,0.1783860897483063,0.15321194604927124,0
MSFT,2023-09-25,317.5400085449219,17836000.0,0.001671867647613734,-0.36937637125096445,0.1732079487544259,0
MSFT,2023-09-26,312.1400146484375,26297600.0,-0.01700571188250899,0.8913409146465215,0.11550094054888693,0
MSFT,2023-09-27,312.7900085449219,19410100.0,0.0020823792720598977,-0.210031492327894,0.18906761510439596,0
MSFT,2023-09-28,313.6400146484375,19683600.0,0.0027174976191528533,-0.20619993684784185,0.1622982508332298,0
MSFT,2023-09-29,315.75,24140300.0,0.006727411213545587,0.5470567374495277,0.13247539211974074,0
MSFT,2023-10-02,321.79998779296875,20570000.0,0.019160689763954908,-0.09280131606418345,0.14540369312500012,0
MSFT,2023-10-03,313.3900146484375,21033500.0,-0.02613416241004285,-0.03527649260421364,0.03182916442533956,0
MSFT,2023-10-04,318.9599914550781,20720100.0,0.01777330657101195,-0.11729579537340933,0.1339240565991906,0
MSFT,2023-10-05,319.3599853515625,16965600.0,0.0012540566440939482,-0.7474804171909418,0.14929468334139034,0
MSFT,2023-10-06,327.260009765625,25645500.0,0.02473705152937633,0.6801887555579788,-0.02402264033689938,1
MSFT,2023-10-09,329.82000732421875,19891200.0,0.00782251873801254,-0.32938377054526063,0.11676537090604416,0
MSFT,2023-10-10,328.3900146484375,20557100.0,-0.004335675956660623,-0.2435014317687161,0.16641168817276775,0
MSFT,2023-10-11,332.4200134277344,20063200.0,0.01227198940141716,-0.36855357540080114,0.1573602847336676,0
MSFT,2023-10-12,331.1600036621094,19313100.0,-0.00379041488095877,-0.4922839484729131,0.17721063800393316,0
MSFT,2023-10-13,327.7300109863281,21072400.0,-0.010357508871394194,-0.04123238397299247,0.13421505749659318,0
MSFT,2023-10-16,332.6400146484375,22158000.0,0.01498185548321418,0.1561730969899574,0.14728802917341594,0
MSFT,2023-10-17,332.0599975585937,18338500.0,-0.0017436780432348309,-0.8113424711896905,0.14563618266055323,0
MSFT,2023-10-18,330.1099853515625,23153600.0,-0.005872469497585575,0.36184449640685135,0.1629030687465064,0
MSFT,2023-10-19,331.32000732421875,25052100.0,0.0036655115759907098,1.5169678838261873,0.14544648759465129,0
MSFT,2023-10-20,326.6700134277344,25012600.0,-0.014034751278796276,1.3573456151642769,0.109787893037542,0
MSFT,2023-10-23,329.32000732421875,24374700.0,0.008112143103305103,1.0198079148383254,0.12484008542042918,0
MSFT,2023-10-24,330.5299987792969,31153600.0,0.0036742117945081088,2.842392098001519,0.10219260062641244,0
MSFT,2023-10-25,340.6700134277344,55053800.0,0.030678046428119332,3.8986501279730534,-0.0760441952311326,1
MSFT,2023-10-26,327.8900146484375,37828500.0,-0.03751430497421182,1.5426221503367723,-0.06770699598416063,1
MSFT,2023-10-27,329.8099975585937,29856500.0,0.005855569930102389,0.5740298042894263,0.08922093802157299,0
MSFT,2023-10-30,337.3099975585937,22828100.0,0.022740365833414655,-0.2527850601683257,0.03518959178959469,0
MSFT,2023-10-31,338.1099853515625,20265300.0,0.0023716693805668765,-0.5448240911895432,0.09598325844708733,0
MSFT,2023-11-01,346.07000732421875,28158800.0,0.023542700060690258,0.3283307527832978,0.04750696228621942,0
MSFT,2023-11-02,348.32000732421875,24348100.0,0.006501574688303036,-0.1622387784171891,0.15692599250630512,0
MSFT,2023-11-03,352.79998779296875,23624000.0,0.012861679991238661,-0.23629750620415346,0.1490473190481859,0
MSFT,2023-11-06,356.5299987792969,23828300.0,0.01057259386447873,-0.23812315204081755,0.15436532473129,0
MSFT,2023-11-07,360.5299987792969,25833900.0,0.011219252275251446,-0.028299753268880817,0.14318765965359687,0
MSFT,2023-11-08,363.2000122070313,26767800.0,0.00740580100622612,0.04541852022584739,0.12649485846111053,0
MSFT,2023-11-09,360.6900024414063,24847300.0,-0.006910819607005569,-0.2313677038062204,0.17099301948850842,0
MSFT,2023-11-10,369.6700134277344,28042100.0,0.024896756010826415,0.1301581923155352,0.07204790790308735,0
MSFT,2023-11-13,366.6799926757813,19986500.0,-0.00808835080840975,-0.8784322836277454,0.14084883975699147,0
MSFT,2023-11-14,370.2699890136719,27683900.0,0.009790543279149855,0.03918796993926575,0.15081809125356604,0
MSFT,2023-11-15,369.6700134277344,26860100.0,-0.001620373251247642,-0.0938855850500305,0.16613977087069243,0
MSFT,2023-11-16,376.1700134277344,27182300.0,0.01758324928692301,-0.06556603324303333,0.15308060348949704,0
MSFT,2023-11-17,369.8500061035156,40157000.0,-0.016800933350932468,1.4641730783876845,0.10277358552253546,0
MSFT,2023-11-20,377.4400024414063,52465100.0,0.020521822935339662,2.3647023319341587,0.08061507182252503,0
MSFT,2023-11-21,373.0700073242188,28423100.0,-0.0115779861406341,-0.13366433139924488,0.1347202360907162,0
MSFT,2023-11-22,377.8500061035156,23345300.0,0.012812605370183805,-0.6308459616597141,0.1234551820394596,0
MSFT,2023-11-24,377.4299926757813,10176600.0,-0.0011115877225081894,-2.0202964999519604,0.07988050062710311,0
MSFT,2023-11-27,378.6099853515625,22179200.0,0.0031263882009366917,-0.5073310718124998,0.18926480377940663,0
MSFT,2023-11-28,382.7000122070313,20453100.0,0.010802744284916121,-0.6968731318808956,0.17565939049183832,0
MSFT,2023-11-29,378.8500061035156,28963400.0,-0.010060114922162411,0.28048267480947214,0.1521279733320401,0
MSFT,2023-11-30,378.9100036621094,30554400.0,0.00015836757985265848,0.45786417115524625,0.14904415736207927,0
MSFT,2023-12-01,374.510009765625,33020400.0,-0.01161223998827976,0.6969537165238897,0.15078126869958158,0
MSFT,2023-12-04,369.1400146484375,32063300.0,-0.014338722536543558,0.5298582010923281,0.11251719188987508,0
MSFT,2023-12-05,372.5199890136719,23065000.0,0.009156347811421606,-0.5425545971170633,0.1492146412845754,0
MSFT,2023-12-06,368.7999877929688,21182100.0,-0.009986044589318732,-0.729750782899846,0.15448192126347915,0
MSFT,2023-12-07,370.9500122070313,23118900.0,0.005829784395951387,-0.4768946738984434,0.1804681878824359,0
MSFT,2023-12-08,374.2300109863281,20144800.0,0.008842158434722469,-0.7857401278181564,0.15805758039913925,0
MSFT,2023-12-11,371.2999877929688,27708800.0,-0.007829471467659443,0.08912781213868537,0.10535303409517915,0
MSFT,2023-12-12,374.3800048828125,24838300.0,0.008295225400225537,-0.27459236702000644,0.17950355896937287,0
MSFT,2023-12-13,374.3699951171875,30955500.0,-2.6736913014691055e-05,0.42171122358410273,0.1276689547790622,0
MSFT,2023-12-14,365.9299926757813,43277500.0,-0.022544548311795753,1.629475250429858,0.0603314926840286,0
MSFT,2023-12-15,370.7300109863281,78478200.0,0.013117313165416533,3.2771864678359437,0.0916406723740128,0
MSFT,2023-12-18,372.6499938964844,21802900.0,0.005178924967655485,-0.5513877485736145,0.17374962688882,0
MSFT,2023-12-19,373.260009765625,20603700.0,0.0016369673396803286,-0.558736634564764,0.16756596482192104,0
MSFT,2023-12-20,370.6199951171875,26316700.0,-0.007072856934487004,-0.13171091719483607,0.16190060974701087,0
MSFT,2023-12-21,373.5400085449219,17708000.0,0.007878726097363176,-0.7337966215349374,0.17924328634191233,0
MSFT,2023-12-22,374.5799865722656,17091100.0,0.0027841141606086417,-0.8266153205984947,0.15283847766301173,0
MSFT,2023-12-26,374.6600036621094,12673100.0,0.00021361816624532182,-1.0892169245614833,0.1195222750827335,0
MSFT,2023-12-27,374.0700073242188,14905400.0,-0.0015747513268661306,-0.8938660161626599,0.12089332947889997,0
MSFT,2023-12-28,375.2799987792969,14327000.0,0.0032346657881858754,-0.8647194520459552,0.12335336005195302,0
MSFT,2023-12-29,376.0400085449219,18723000.0,0.0020251805800926004,-0.5131785298778407,0.10321333333618693,0
MSFT,2024-01-02,370.8699951171875,25258600.0,-0.013748572785485358,-0.031750026782330965,0.09188499585593357,0
MSFT,2024-01-03,370.6000061035156,23083500.0,-0.0007279882903079571,-0.15334093773496518,0.1239774410964265,0
MSFT,2024-01-04,367.9400024414063,20901500.0,-0.007177559682409518,-0.29869743147371786,0.14853700104406187,0
MSFT,2024-01-05,367.75,20987000.0,-0.0005163951735217553,-0.2919480437266951,0.12787125579055836,0
MSFT,2024-01-08,374.6900024414063,23134000.0,0.018871522614293257,-0.14125996956700557,0.13700687910946713,0
MSFT,2024-01-09,375.7900085449219,20830000.0,0.0029357764988340307,-0.30568615190628334,0.1579485648001513,0
MSFT,2024-01-10,382.7699890136719,25514200.0,0.018574151281394835,0.031207900456573096,0.14302165498751268,0
MSFT,2024-01-11,384.6300048828125,27850800.0,0.0048593565914965,0.18477225131361247,0.13728020226213228,0
MSFT,2024-01-12,388.4700012207031,21645700.0,0.00998361097455347,-0.21920821003445204,0.17154085337709774,0
MSFT,2024-01-16,390.2699890136719,27202300.0,0.004633530999337276,0.2403807227716223,0.13358108472692448,0
MSFT,2024-01-17,389.4700012207031,22234100.0,-0.0020498316946956363,0.2565550713864124,0.14351126224888483,0
MSFT,2024-01-18,393.8699951171875,23392100.0,0.011297388457887969,0.506088111691834,0.11976850524881005,0
MSFT,2024-01-19,398.6700134277344,29272000.0,0.012186808769524937,1.638254589008605,0.09148675597274664,0
MSFT,2024-01-22,396.510009765625,27016900.0,-0.00541802390287105,1.1362303295666865,0.13275424357067933,0
MSFT,2024-01-23,398.8999938964844,20525900.0,0.006027550558615369,-0.2827766936951073,0.1608138776947025,0
NFLX,2023-05-04,320.7799987792969,3879700.0,0.004635173952113547,-0.5894209680382987,0.2007483448989233,0
NFLX,2023-05-05,322.760009765625,3988600.0,0.006172488914093499,-0.5579808591021502,0.18530744133892857,0
NFLX,2023-05-08,331.2099914550781,5488600.0,0.02618038615003493,-0.2832805032568998,0.13270742687514747,0
NFLX,2023-05-09,332.1400146484375,5544900.0,0.002807956333906514,-0.2892917629748361,0.1919388589154002,0
NFLX,2023-05-10,335.4200134277344,4289900.0,0.009875349655682708,-0.5586011858526603,0.18084675918638726,0
NFLX,2023-05-11,344.760009765625,8033500.0,0.02784567397288873,0.2257814356973784,0.09355052345064108,0
NFLX,2023-05-12,339.8900146484375,6079900.0,-0.014125754087599196,-0.19479517247168487,0.1735251041109907,0
NFLX,2023-05-15,335.8900146484375,3653000.0,-0.011768512835357514,-0.6740088243542147,0.16651293074492246,0
NFLX,2023-05-16,333.75,3332200.0,-0.006371176739735418,-0.6921671665990993,0.15949816902402097,0
NFLX,2023-05-17,339.9599914550781,3958800.0,0.018606715970271637,-0.8148063918524674,0.12895573892880674,0
NFLX,2023-05-18,371.2900085449219,20925200.0,0.09215795351607903,4.0561864524631135,-0.171406926625717,1
NFLX,2023-05-19,365.3599853515625,7850900.0,-0.01597140525434282,0.5292454160528982,0.08418502394337701,0
NFLX,2023-05-22,363.010009765625,5406400.0,-0.006431945697819796,-0.11858885562707557,0.11599760829454026,0
NFLX,2023-05-23,355.989990234375,6866100.0,-0.019338363522764634,0.2501240230042847,0.09241766016574748,0
NFLX,2023-05-24,364.8500061035156,7973300.0,0.02488838482033562,0.49789264303528,0.058024963086226844,0
NFLX,2023-05-25,359.0,6263100.0,-0.016034003030428456,0.036821246262535884,0.12540863158637106,0
NFLX,2023-05-26,378.8800048828125,9360400.0,0.05537605816939406,0.7808209793592308,-0.08126019277119811,1
NFLX,2023-05-30,392.9800109863281,10865000.0,0.037214964954080276,1.0694430503292607,-0.04129542947772691,1
NFLX,2023-05-31,395.2300109863281,6988000.0,0.005725482052771014,0.05066933651855153,0.13362011452219874,0
NFLX,2023-06-01,403.1300048828125,7160100.0,0.01998834520882986,0.06830614619029053,0.10404463945320258,0
NFLX,2023-06-02,400.4700012207031,5897300.0,-0.0065983767764511425,-0.2877833486347088,0.1656464490761882,0
NFLX,2023-06-05,403.5400085449219,7247400.0,0.007666010724550754,0.023503891649414327,0.1705942468530237,0
NFLX,2023-06-06,399.2900085449219,4991500.0,-0.010531793403396605,-0.5690217274879887,0.16727321849291021,0
NFLX,2023-06-07,399.7699890136719,11932400.0,0.0012020848467988454,1.150542324212277,0.028179933542066937,0
NFLX,2023-06-08,409.3699951171875,5991100.0,0.02401382386707196,-0.4032411249925616,0.1371389493274463,0
NFLX,2023-06-09,420.0199890136719,12363000.0,0.026015570323945303,1.1557817648172393,0.06383309174156676,0
NFLX,2023-06-12,423.9700012207031,5959500.0,0.00940434338924434,-0.44861763667949317,0.1923091115239463,0
NFLX,2023-06-13,435.7300109863281,7820500.0,0.027737834591516686,-0.03541686610839218,0.12699048985235362,0
NFLX,2023-06-14,440.8599853515625,8413100.0,0.011773286750715206,0.054219165323627125,0.15930811498376996,0
NFLX,2023-06-15,445.2699890136719,7099900.0,0.01000318425042046,-0.35338608574390734,0.18559249236270442,0
NFLX,2023-06-16,431.9599914550781,8745500.0,-0.0298919709097778,0.48042950078086843,0.08943729856762128,0
NFLX,2023-06-20,434.7000122070313,4756000.0,0.006343228090924136,-1.3198558786384442,0.15469966665663532,0
NFLX,2023-06-21,424.4500122070313,5146400.0,-0.023579479439071904,-1.125323021400528,0.1278632236301498,0
NFLX,2023-06-22,422.4800109863281,4869500.0,-0.004641303249020234,-1.164210610982135,0.16578526218567818,0
NFLX,2023-06-23,424.0199890136719,8293900.0,0.0036450908618101963,0.34805369257290986,0.15927443785016637,0
NFLX,2023-06-26,415.9400024414063,4640000.0,-0.019055673745619228,-1.1948602645104855,0.13883044419052942,0
NFLX,2023-06-27,417.0799865722656,4818100.0,0.002740741751618092,-1.011221082977879,0.1878863153366646,0
NFLX,2023-06-28,429.8399963378906,8811300.0,0.030593675497335715,0.7691475529116817,0.10797728309130372,0
NFLX,2023-06-29,428.239990234375,4932300.0,-0.0037223295113233412,-0.9041939348040394,0.1478031273505202,0
NFLX,2023-06-30,440.489990234375,7342000.0,0.028605455537432656,0.1483391581341712,0.13171451985946042,0
NFLX,2023-07-03,441.4400024414063,3733200.0,0.0021567169018434917,-1.3253651300127247,0.16280928813936985,0
NFLX,2023-07-05,445.8999938964844,6869500.0,0.010103278883680344,-0.00290846812575574,0.19043513637409148,0
NFLX,2023-07-06,438.8399963378906,4938800.0,-0.015833141186883948,-0.8107641133514686,0.14470970429021113,0
NFLX,2023-07-07,438.1000061035156,4160100.0,-0.0016862415471474712,-1.0866967174497788,0.17131886101675092,0
NFLX,2023-07-10,441.7099914550781,4251700.0,0.008240094273610943,-0.9777530203263876,0.18698038884902157,0
NFLX,2023-07-11,440.2099914550781,4574600.0,-0.003395893298810626,-0.8332678928745678,0.18074713457960667,0
NFLX,2023-07-12,444.0499877929688,5731700.0,0.00872310127536613,-0.15427640643645152,0.18503789902400758,0
NFLX,2023-07-13,450.3800048828125,6157500.0,0.01425519032509226,0.1457487197479417,0.16010248790153053,0
NFLX,2023-07-14,441.9100036621094,7184900.0,-0.018806343818276283,0.8361837560967048,0.1264598762159806,0
NFLX,2023-07-17,450.0499877929688,6891700.0,0.018420004216703312,0.6619552722529948,0.15507840832651365,0
NFLX,2023-07-18,474.7999877929688,13196900.0,0.05499389105946473,3.2339046459825536,-0.07530975197286693,1
NFLX,2023-07-19,477.5899963378906,20996500.0,0.005876176530439148,3.550623108877719,0.0876760689478236,0
NFLX,2023-07-20,437.4200134277344,23989700.0,-0.08410976615543753,2.945732048198505,-0.11495666368411062,1
NFLX,2023-07-21,427.5,17303700.0,-0.02267846262908413,1.5198676214223832,0.03597476190366955,0
NFLX,2023-07-24,428.3699951171875,8264400.0,0.0020350762975145376,-0.030015415450170085,0.08386146874293732,0
NFLX,2023-07-25,427.7000122070313,4859800.0,-0.0015640285682775312,-0.6165210825966971,0.10107268464490388,0
NFLX,2023-07-26,422.6700134277344,6009200.0,-0.011760576655915789,-0.4318456824188417,0.11926354900199854,0
NFLX,2023-07-27,413.1700134277344,6594500.0,-0.022476162723155335,-0.3108211380172517,0.07433226081456457,0
NFLX,2023-07-28,425.7799987792969,6424200.0,0.03052008844240106,-0.3552906134164938,0.09352728543624317,0
NFLX,2023-07-31,438.9700012207031,6587600.0,0.03097844539250727,-0.31985783232051535,0.07097817382564875,0
NFLX,2023-08-01,438.6199951171875,5711500.0,-0.0007973349033927324,-0.4944144863812928,0.12856117669916045,0
NFLX,2023-08-02,429.7000122070313,4912200.0,-0.02033647122670046,-0.6122452653482874,0.11090056698094186,0
NFLX,2023-08-03,431.0,6243900.0,0.0030253380405824704,-0.39463298903714666,0.16505391748223003,0
NFLX,2023-08-04,431.6000061035156,5439700.0,0.00139212553019874,-0.5505822647152981,0.18625393920792832,0
NFLX,2023-08-07,440.760009765625,4781300.0,0.021223363143123786,-0.6735568523522616,0.14878191250372197,0
NFLX,2023-08-08,438.2999877929688,3767200.0,-0.005581318445755379,-0.8407358133936526,0.19304782653581304,0
NFLX,2023-08-09,428.8999938964844,3846600.0,-0.02144648450440867,-0.8011586570988918,0.13871440512256844,0
NFLX,2023-08-10,429.9800109863281,5467600.0,0.002518109361653309,-0.5120787418777393,0.1949595201589155,0
NFLX,2023-08-11,421.6600036621094,3925200.0,-0.01934975373653658,-0.7404852289327959,0.16667788422681062,0
NFLX,2023-08-14,427.7799987792969,3966000.0,0.01451405175742404,-0.6999115302494505,0.1744600554052697,0
NFLX,2023-08-15,423.7000122070313,3368000.0,-0.009537581429492126,-0.7223041384654705,0.179029570759417,0
NFLX,2023-08-16,415.4500122070313,3967000.0,-0.01947132348905578,-0.5583482012926488,0.1643051477723685,0
NFLX,2023-08-17,403.0,6031500.0,-0.029967533617081932,0.05322816222397748,0.10122331497029746,0
NFLX,2023-08-18,404.5299987792969,4309200.0,0.0037965230255505578,-0.7201125784574114,0.16499871461110782,0
NFLX,2023-08-21,408.2900085449219,3861600.0,0.009294761271033458,-1.05438603150982,0.15980537453182692,0
NFLX,2023-08-22,413.1700134277344,3603300.0,0.011952300523355941,-1.1863132651488468,0.16428417053103223,0
NFLX,2023-08-23,427.5499877929688,8174700.0,0.03480401262893085,2.363211907419751,0.034016479179439285,0
NFLX,2023-08-24,406.9299926757813,5687800.0,-0.04822826735097996,0.5336457951238894,-0.034266801744106345,1
NFLX,2023-08-25,416.0299987792969,5390900.0,0.022362583902155286,0.35336239878564746,0.1072007591791646,0
NFLX,2023-08-28,418.05999755859375,2928600.0,0.0048794528886215716,-1.4637151102785448,0.10303178232336069,0
NFLX,2023-08-29,429.989990234375,4486700.0,0.0285365563446649,-0.17859185333647742,0.045536580995446996,0
NFLX,2023-08-30,434.6700134277344,3625400.0,0.010884028232397869,-0.8075193628782428,0.14024606884246765,0
NFLX,2023-08-31,433.6799926757813,3803000.0,-0.0022776375672799443,-0.5913318979332839,0.16476706605057084,0
NFLX,2023-09-01,439.8800048828125,4792100.0,0.014296283692446732,0.25286819876749306,0.16766182755232129,0
NFLX,2023-09-05,448.6799926757813,6155900.0,0.020005428060575703,1.2746215744009652,0.11254715234571189,0
NFLX,2023-09-06,445.760009765625,3862300.0,-0.006507940977582893,-0.5599763140603675,0.18889706904908582,0
NFLX,2023-09-07,443.1400146484375,2922700.0,-0.005877591214530575,-1.2308688677812762,0.14608688900678796,0
NFLX,2023-09-08,442.7999877929688,2697500.0,-0.0007673124615894533,-1.2585271443311856,0.16269870030667616,0
NFLX,2023-09-11,445.3599853515625,2913800.0,0.005781385793060645,-1.0303468959587525,0.17631547620353244,0
NFLX,2023-09-12,434.6900024414063,3124000.0,-0.02395810863370096,-0.8316736923095016,0.1363227073052159,0
NFLX,2023-09-13,412.239990234375,11843000.0,-0.05164602839021459,3.2827205579293524,-0.06624418223801598,1
NFLX,2023-09-14,400.489990234375,10709000.0,-0.02850281457002668,2.2264977167142037,0.06999693878502611,0
NFLX,2023-09-15,396.9400024414063,9110700.0,-0.008864111162656396,1.4511282737945341,0.14480153511541366,0
NFLX,2023-09-18,394.3999938964844,4704700.0,-0.006398973470296387,-0.1915594844619057,0.19263069781312114,0
NFLX,2023-09-19,396.2000122070313,4076800.0,0.004563941020291562,-0.4298766140810097,0.18738999895159297,0
NFLX,2023-09-20,386.2999877929688,3866600.0,-0.02498744096173655,-0.5145826025221586,0.13398809551166285,0
NFLX,2023-09-21,384.1499938964844,5547900.0,-0.0055656069490653826,0.1682524523231796,0.18221382317816476,0
NFLX,2023-09-22,379.80999755859375,3692800.0,-0.011297660827400913,-0.5070730471565553,0.17947891820196038,0
NFLX,2023-09-25,384.7999877929688,3757300.0,0.013138122393961504,-0.44865621575402537,0.17655384286305364,0
NFLX,2023-09-26,379.25,4089400.0,-0.014423045657565914,-0.3484411570936443,0.17370015395370192,0
NFLX,2023-09-27,377.5899963378906,3843500.0,-0.004377069643004328,-0.4294632832886998,0.16536771863396066,0
NFLX,2023-09-28,376.3599853515625,4369900.0,-0.0032575306503285217,-0.24216541530040397,0.17884265194611426,0
NFLX,2023-09-29,377.6000061035156,4198700.0,0.003294773090170011,-0.3172539337691584,0.1687532379326505,0
NFLX,2023-10-02,380.3299865722656,3102100.0,0.007229821039784534,-0.7015054979646109,0.18295506030031333,0
NFLX,2023-10-03,376.75,8878100.0,-0.009412843316748076,1.3914727366407529,0.06681784970307059,0
NFLX,2023-10-04,376.8999938964844,4303700.0,0.00039812580354170457,-0.28698793822796614,0.15332747695913101,0
NFLX,2023-10-05,372.5899963378906,5034800.0,-0.011435387711302258,-0.05902601894225892,0.1420147870904816,0
NFLX,2023-10-06,381.510009765625,4773400.0,0.023940560711257275,-0.19972628111867535,0.07103046045893563,0
NFLX,2023-10-09,385.9500122070313,3299800.0,0.01163797103025943,-0.7742303764131531,0.13302137869503888,0
NFLX,2023-10-10,373.3200073242188,7288900.0,-0.03272445778816946,0.6821459119667852,0.05983025418748106,0
NFLX,2023-10-11,365.9299926757813,9151400.0,-0.019795388683841564,1.6397719273293443,0.12632427534098545,0
NFLX,2023-10-12,361.2000122070313,7376100.0,-0.012925916332146126,1.083015401038228,0.146987744794002,0
NFLX,2023-10-13,355.67999267578125,6312600.0,-0.015282445583324367,0.687380322209413,0.13145118809143436,0
NFLX,2023-10-16,360.8200073242188,5128900.0,0.014451233564669153,0.01358631714191936,0.18276802085143928,0
NFLX,2023-10-17,355.7200012207031,5908400.0,-0.014134488110391863,0.400678182471739,0.17470501030308527,0
NFLX,2023-10-18,346.19000244140625,11429600.0,-0.026790730761816484,2.6288768370673092,0.07351000627015891,0
NFLX,2023-10-19,401.7699890136719,28074400.0,0.16054763621220602,3.88483442931489,-0.20944047505660457,1
NFLX,2023-10-20,400.9599914550781,12768900.0,-0.0020160728295866015,1.0000995199728255,-0.015449503987503443,1
NFLX,2023-10-23,406.8399963378906,7390000.0,0.014664816959602422,0.009694739594520716,0.0,0
NFLX,2023-10-24,413.7300109863281,6459200.0,0.016935440739497043,-0.18069616453862958,0.01019735132840327,0
NFLX,2023-10-25,411.25,6299600.0,-0.005994273851238852,-0.2344141785495598,0.024961508804268284,0
NFLX,2023-10-26,403.5400085449219,6849700.0,-0.018747699586816102,-0.15765701183766853,0.07777341453770098,0
NFLX,2023-10-27,397.8699951171875,4997600.0,-0.014050684709501882,-0.5101855439909843,0.07412876605509428,0
NFLX,2023-10-30,410.0799865722656,5317100.0,0.030688394714162515,-0.47833665107307394,0.0391607108229729,0
NFLX,2023-10-31,411.6900024414063,3877600.0,0.003926102033406487,-0.6940609067175347,0.09999148299713273,0
NFLX,2023-11-01,420.1900024414063,4806100.0,0.020646602904110578,-0.5271985873084585,0.07172476709884962,0
NFLX,2023-11-02,424.7099914550781,4476000.0,0.010757012273994171,-0.5819595130533604,0.1906601629952585,0
NFLX,2023-11-03,432.3599853515625,3664800.0,0.018012276730940746,-0.7179233390976831,0.1610689268366205,0
NFLX,2023-11-06,434.739990234375,3003200.0,0.005504683512460806,-0.8356690158397215,0.17283697822269467,0
NFLX,2023-11-07,434.6099853515625,3291100.0,-0.00029904054315865736,-0.7344163756820898,0.16662267133535508,0
NFLX,2023-11-08,436.6499938964844,2356800.0,0.004693883283127143,-0.8288890415571417,0.16296036637820016,0
NFLX,2023-11-09,435.1499938964844,2735500.0,-0.003435245668079845,-0.7095994569180657,0.17159611486414694,0
NFLX,2023-11-10,447.239990234375,4440600.0,0.027783514897087747,-0.39064924210247004,0.12495127289939684,0
NFLX,2023-11-13,444.6199951171875,2896100.0,-0.00585814143277863,-0.6364631084724133,0.1791190715701813,0
NFLX,2023-11-14,448.6499938964844,4060900.0,0.009063917105740282,-0.4157461900431506,0.18306634956284634,0
NFLX,2023-11-15,461.9400024414063,5035300.0,0.029622219381971737,-0.1953150009610552,0.11872508192760844,0
NFLX,2023-11-16,466.9500122070313,3656000.0,0.010845585442149419,-0.5422796012324463,0.1875729155037857,0
NFLX,2023-11-17,465.9100036621094,2798500.0,-0.00222723742956199,-1.1043621908268513,0.15725629950950798,0
NFLX,2023-11-20,474.4700012207031,3617600.0,0.018372641693269465,-0.47261941415239034,0.15729756705770576,0
NFLX,2023-11-21,474.9500122070313,2997700.0,0.0010116782622573428,-0.8730766688479576,0.16394560565009475,0
NFLX,2023-11-22,478.0,2841600.0,0.006421702736243429,-0.9305593254689917,0.17574553894358408,0
NFLX,2023-11-24,479.55999755859375,1404700.0,0.0032635932188154193,-2.1626710517213414,0.10334219635630532,0
NFLX,2023-11-27,479.1700134277344,3625900.0,-0.0008132123881157138,0.08338844732209962,0.1561359360838474,0
NFLX,2023-11-28,479.0,2890200.0,-0.00035480815361998985,-0.6044153775074949,0.1226584984750802,0
NFLX,2023-11-29,477.1900024414063,2855500.0,-0.0037787005398616236,-0.5845557378482832,0.15621568106642314,0
NFLX,2023-11-30,473.9700012207031,4287300.0,-0.006747838815207685,1.1099581883956768,0.1122166793713536,0
NFLX,2023-12-01,465.739990234375,4338100.0,-0.017363991318294136,1.1909209542360766,0.12481078047422128,0
NFLX,2023-12-04,453.8999938964844,5157700.0,-0.02542190188979132,1.8741988289399067,0.0870280235973061,0
NFLX,2023-12-05,455.1499938964844,3380700.0,0.002753910590016506,-0.0569543517636201,0.1576791344457497,0
NFLX,2023-12-06,446.7300109863281,4178800.0,-0.018499358503938024,0.7464624821925142,0.10460993900227006,0
NFLX,2023-12-07,452.0,3506700.0,0.011796809894272231,-0.0316976622798507,0.15184283714730795,0
NFLX,2023-12-08,453.760009765625,3456100.0,0.003893826915099652,-0.1306317876274575,0.17253838754042866,0
NFLX,2023-12-11,459.8900146484375,4929700.0,0.013509354616725089,1.460322724971154,0.13699217377783895,0
NFLX,2023-12-12,463.0,3302700.0,0.00676245461415359,-0.34762059270249296,0.16979182051803116,0
NFLX,2023-12-13,479.9800109863281,5820200.0,0.0366738898192831,2.0652883850034254,0.03115335227224325,0
NFLX,2023-12-14,469.8299865722656,5176400.0,-0.021146764827153608,1.4161384455152142,0.1328545697145625,0
NFLX,2023-12-15,472.05999755859375,7838300.0,0.004746421152463265,2.8269311005824926,0.10228830590716748,0
NFLX,2023-12-18,486.1199951171875,6410700.0,0.029784344429329757,1.5764785130544336,0.08923156972155982,0
NFLX,2023-12-19,495.0199890136719,3849000.0,0.018308224277709284,-0.18015154581640988,0.16352155201665464,0
NFLX,2023-12-20,489.2699890136719,4563700.0,-0.011615692553056056,0.2588398817629317,0.17272328424314382,0
NFLX,2023-12-21,491.6099853515625,2756200.0,0.0047826279772602565,-0.9895229161069176,0.1813096565133273,0
NFLX,2023-12-22,486.760009765625,2701100.0,-0.009865494457906854,-1.1574947876080044,0.15568202513701218,0
NFLX,2023-12-26,491.1900024414063,2034500.0,0.009100979100387319,-1.5018879238341618,0.13033138446973352,0
NFLX,2023-12-27,491.7900085449219,2561300.0,0.0012215356593849869,-1.106608069359316,0.1477240045808404,0
NFLX,2023-12-28,490.510009765625,1710500.0,-0.0026027344131778207,-1.575324651202861,0.09684217443950621,0
NFLX,2023-12-29,486.8800048828125,2739500.0,-0.00740047055216464,-0.8293944720139249,0.17592841289670724,0
NFLX,2024-01-02,468.5,5049400.0,-0.037750584740559257,0.6365216496705134,0.02670219720693945,0
NFLX,2024-01-03,470.260009765625,3443700.0,0.003756691068569795,-0.3412289383444189,0.1986427728362855,0
NFLX,2024-01-04,474.6700134277344,3636500.0,0.00937779860189969,-0.22521716086062415,0.17707334066433317,0
NFLX,2024-01-05,474.05999755859375,2612500.0,-0.0012851367305373174,-0.8238809082051533,0.16793953225528147,0
NFLX,2024-01-08,485.0299987792969,3675800.0,0.023140533428676946,-0.15162953310149635,0.13339131465144766,0
NFLX,2024-01-09,482.0899963378906,3526800.0,-0.006061485781921783,-0.24913714746280788,0.1264549132211768,0
NFLX,2024-01-10,478.3299865722656,4342400.0,-0.00779939387705042,0.2931894627994331,0.18145169966383368,0
NFLX,2024-01-11,492.2300109863281,7993300.0,0.02905948781022638,2.158009361816562,0.0570775510649113,0
NFLX,2024-01-12,492.1600036621094,4996600.0,-0.0001422248189997255,0.5196828013625281,0.11310102499300051,0
NFLX,2024-01-16,481.239990234375,4679000.0,-0.022187933490083966,0.356138987863957,0.15302831474963824,0
NFLX,2024-01-17,480.3299865722656,4894600.0,-0.0018909560314515073,0.6470335006627854,0.16104017560019035,0
NFLX,2024-01-18,485.30999755859375,4054400.0,0.010367895250235293,0.1872529190094031,0.1754137046866715,0
NFLX,2024-01-19,482.9500122070313,5665600.0,-0.004862840995311424,1.2153190064384058,0.16420034447064907,0
NFLX,2024-01-22,485.7099914550781,5212300.0,0.0057148342028898735,0.8708186467291161,0.17131695117897155,0
NFLX,2024-01-23,492.1900024414063,15506000.0,0.013341317041709377,3.6936403008093994,0.060216715532619314,0
TSLA,2023-05-04,161.1999969482422,95108500.0,0.003673471985857102,-1.2078880932418294,0.13427789934664258,0
TSLA,2023-05-05,170.05999755859375,107440900.0,0.05496278398315546,-0.6905427377094235,0.0590605741023843,0
TSLA,2023-05-08,171.7899932861328,112249400.0,0.010172855182730478,-0.4526452718612746,0.16630158510883258,0
TSLA,2023-05-09,169.14999389648438,88965000.0,-0.015367597024416146,-1.241133673491388,0.1360816832979928,0
TSLA,2023-05-10,168.5399932861328,119840700.0,-0.0036062703657255835,-0.05118944855927863,0.1393017375147768,0
TSLA,2023-05-11,172.0800018310547,103889900.0,0.021003967520705658,-0.6326541155176817,0.171670713974868,0
TSLA,2023-05-12,167.97999572753906,157577100.0,-0.023826162598143963,1.2418495258820157,0.06287097973685984,0
TSLA,2023-05-15,166.35000610351562,105592500.0,-0.009703474612936969,-0.642677841885456,0.19053972281277387,0
TSLA,2023-05-16,166.52000427246094,98288800.0,0.001021930644472091,-0.9314103294890627,0.16509324143026616,0
TSLA,2023-05-17,173.86000061035156,125473600.0,0.04407876621166107,0.07120931990726359,0.1254725111378518,0
TSLA,2023-05-18,176.88999938964844,109520300.0,0.01742780840135616,-0.5028231605434256,0.1843493908266297,0
TSLA,2023-05-19,180.13999938964844,136024200.0,0.018373000232992265,0.9302737906537828,0.17122881146055163,0
TSLA,2023-05-22,188.8699951171875,132001400.0,0.04846228354123516,0.7476815854588073,0.09000628445352721,0
TSLA,2023-05-23,185.7700042724609,156952100.0,-0.01641335799687582,1.8486881381660685,0.136520761097642,0
TSLA,2023-05-24,182.8999938964844,137605100.0,-0.015449266889003166,0.9625284105191887,0.16843535834590456,0
TSLA,2023-05-25,184.47000122070312,96870700.0,0.00858396597381672,-1.1061560123337857,0.16035767734189293,0
TSLA,2023-05-26,193.1699981689453,162061500.0,0.047162123329924865,1.9421063455163319,0.028513299521574442,0
TSLA,2023-05-30,201.1600036621093,128818700.0,0.04136255924264165,0.3581868600798601,0.09809497924124544,0
TSLA,2023-05-31,203.92999267578125,150711700.0,0.013770078361724059,1.2673304941049595,0.1589191706560773,0
TSLA,2023-06-01,207.5200042724609,148029900.0,0.017604137329555236,1.051596290479013,0.1367145213909936,0
TSLA,2023-06-02,213.97000122070312,164129000.0,0.031081326211683136,1.553262862374733,0.11191266293321023,0
TSLA,2023-06-05,217.6100006103516,151143100.0,0.017011727666879528,0.9127996311578497,0.14098272378941562,0
TSLA,2023-06-06,221.3099975585937,146911600.0,0.017002881015874216,0.6649046608378701,0.13159290225706205,0
TSLA,2023-06-07,224.57000732421875,185710800.0,0.01473051286244731,2.0169785063820718,0.055319623136860674,0
TSLA,2023-06-08,234.8600006103516,164489700.0,0.04582087077762287,1.0473755603681814,0.053182600942524805,0
TSLA,2023-06-09,244.3999938964844,199882300.0,0.0406199151040636,2.0804245358110594,0.0,0
TSLA,2023-06-12,249.8300018310547,150337900.0,0.02221770896144193,0.28673961701309814,0.12187723415889007,0
TSLA,2023-06-13,258.7099914550781,162384300.0,0.035544128242966044,0.6514409178012041,0.09025623813380335,0
TSLA,2023-06-14,256.7900085449219,170575500.0,-0.007421371317580694,0.8924878243966766,0.15089716675475123,0
TSLA,2023-06-15,255.8999938964844,160171200.0,-0.0034659239799891273,0.3996251859662194,0.09090412476379905,0
TSLA,2023-06-16,260.5400085449219,167563700.0,0.01813214052015355,0.6388395848840749,0.15615474007564772,0
TSLA,2023-06-20,274.45001220703125,165611200.0,0.05338912722001776,0.487293244494322,0.07038704529859074,0
TSLA,2023-06-21,259.4599914550781,211797100.0,-0.054618400747766804,2.170323301984639,-0.001799701472741222,1
TSLA,2023-06-22,264.6099853515625,166875900.0,0.019848894111198723,0.2995618183606736,0.04492558191706508,0
TSLA,2023-06-23,256.6000061035156,176584100.0,-0.030270888067223778,0.6258769647417677,0.11385850525166691,0
TSLA,2023-06-26,241.0500030517578,179990600.0,-0.060600166336257755,0.7558709278366827,-0.00808009419133715,1
TSLA,2023-06-27,250.2100067138672,164968200.0,0.03800042956291749,-0.04582058958178268,0.10288713680665523,0
TSLA,2023-06-28,256.239990234375,159770800.0,0.0240996896954786,-0.4511563787172125,0.11680353438745616,0
TSLA,2023-06-29,257.5,131283400.0,0.004917303362650394,-1.9118769135324623,0.1083428026142656,0
TSLA,2023-06-30,261.7699890136719,112267600.0,0.016582481606492783,-2.4131221831666356,0.06030548070635511,0
TSLA,2023-07-03,279.82000732421875,119685900.0,0.06895373445427366,-1.7863220216987072,-0.03315769769536958,1
TSLA,2023-07-05,282.4800109863281,131530900.0,0.009506123909958086,-1.2059653198895481,0.1313041739089985,0
TSLA,2023-07-06,276.5400085449219,120332100.0,-0.021028045208104085,-1.5134015080769754,0.11944099895847748,0
TSLA,2023-07-07,274.42999267578125,113602000.0,-0.007630056425625198,-1.5599758606916962,0.13058499354395547,0
TSLA,2023-07-10,269.6099853515625,119425400.0,-0.01756370459810941,-1.216054641189846,0.12741487360668818,0
TSLA,2023-07-11,269.7900085449219,91972400.0,0.000667717084456676,-1.9136948679603665,0.08275353659486084,0
TSLA,2023-07-12,271.989990234375,95672100.0,0.008154422401772665,-1.5761896467113914,0.08323017613680084,0
TSLA,2023-07-13,277.8999938964844,112681500.0,0.02172875427149612,-0.9492894340460856,0.160341440781057,0
TSLA,2023-07-14,281.3800048828125,119771100.0,0.012522529912772917,-0.6584991234529088,0.17462096919155223,0
TSLA,2023-07-17,290.3800048828125,131569600.0,0.03198521516746822,-0.25166222929519877,0.12254738197404907,0
TSLA,2023-07-18,293.3399963378906,112434700.0,0.010193509901870401,-0.7656438895052301,0.15389680316886983,0
TSLA,2023-07-19,291.260009765625,142355400.0,-0.007090702250741598,0.21200514969332743,0.1589282612733362,0
TSLA,2023-07-20,262.8999938964844,175158300.0,-0.09737009860008494,1.5058525954691464,-0.08924283065188532,1
TSLA,2023-07-21,260.0199890136719,161050100.0,-0.010954754468143868,1.0141936862908716,0.08763085908251605,0
TSLA,2023-07-24,269.0599975585937,136508500.0,0.03476659075024613,0.19530025590680886,0.04158635778049291,0
TSLA,2023-07-25,265.2799987792969,112757300.0,-0.014048906614122947,-0.6823519967537534,0.10856753993785467,0
TSLA,2023-07-26,264.3500061035156,95856200.0,-0.0035057022016762307,-1.31157947071137,0.1023459580781727,0
TSLA,2023-07-27,255.7100067138672,103697300.0,-0.032683938680391544,-0.8744408309098942,0.07779225826868674,0
TSLA,2023-07-28,266.44000244140625,111446000.0,0.04196157931177735,-0.4562720630304868,0.10342699872539796,0
TSLA,2023-07-31,267.42999267578125,84582200.0,0.00371562162326855,-1.564432740599057,0.11312235087765249,0
TSLA,2023-08-01,261.07000732421875,83166000.0,-0.023781870118334214,-1.4529080822133469,0.11992080136627631,0
TSLA,2023-08-02,254.1100006103516,101752900.0,-0.02665954157355055,-0.6095375501478016,0.12640426879472305,0
TSLA,2023-08-03,259.32000732421875,97569100.0,0.020502958173047592,-0.7269512567211512,0.1443549428053929,0
TSLA,2023-08-04,253.8600006103516,99242600.0,-0.021055092394165698,-0.6213908771912297,0.14254079797913244,0
TSLA,2023-08-07,251.4499969482422,111097900.0,-0.00949343597382446,-0.1195009817002499,0.17775529545607782,0
TSLA,2023-08-08,249.6999969482422,96642200.0,-0.006959634206558429,-0.7267884809480184,0.16370073663744128,0
TSLA,2023-08-09,242.19000244140625,101596300.0,-0.03007606967809695,-0.5390662674359668,0.13705652353657244,0
TSLA,2023-08-10,245.33999633789065,109498600.0,0.013006292021680244,-0.20330732935146673,0.17671842085581058,0
TSLA,2023-08-11,242.6499938964844,98866600.0,-0.01096438608281991,-0.5968285772755415,0.16116287787637373,0
TSLA,2023-08-14,239.759994506836,98595300.0,-0.011910156448968645,-0.5441710425797398,0.12052023509193016,0
TSLA,2023-08-15,232.9600067138672,88197600.0,-0.028361644764614558,-0.9045914667619908,0.126811625790977,0
TSLA,2023-08-16,225.6000061035156,112484500.0,-0.03159340830287449,0.1489097110736577,0.13380697344299053,0
TSLA,2023-08-17,219.22000122070312,120718400.0,-0.02828016272253575,0.8075801828388974,0.09999781836751132,0
TSLA,2023-08-18,215.4900054931641,135813700.0,-0.017014851321818014,2.143646025339111,0.0652476475685072,0
TSLA,2023-08-21,231.27999877929688,135702700.0,0.073274828918382,2.1525242093155446,-0.01513464310940471,1
TSLA,2023-08-22,233.19000244140625,130597900.0,0.008258403978685713,1.6157786672635184,0.054008122582213436,0
TSLA,2023-08-23,236.8600006103516,101077600.0,0.01573823118710882,-0.33205972623273766,0.1278798574589481,0
TSLA,2023-08-24,230.0399932861328,99777400.0,-0.02879341090367593,-0.40327121613029615,0.12429083795362367,0
TSLA,2023-08-25,238.58999633789065,106612200.0,0.037167463490241914,0.0614327052217642,0.12606715646154154,0
TSLA,2023-08-28,238.82000732421875,107673700.0,0.0009640428763089126,0.05851553193175416,0.14553606047938655,0
TSLA,2023-08-29,257.17999267578125,134047600.0,0.07687791972402569,1.70835255841555,-0.058136904058421535,1
TSLA,2023-08-30,256.8999938964844,121988400.0,-0.0010887269121663268,0.7951607186890726,0.11900773972450795,0
TSLA,2023-08-31,258.0799865722656,108861700.0,0.004593198535678855,-0.14657367217719983,0.1616128758544894,0
TSLA,2023-09-01,245.009994506836,132272500.0,-0.050643183297631955,1.3328254354092426,0.018394347316758264,0
TSLA,2023-09-05,256.489990234375,129469600.0,0.04685521401135628,1.047553239320632,0.0679167995618728,0
TSLA,2023-09-06,251.9199981689453,116959800.0,-0.017817428513501543,0.16452371223333145,0.15904796296991486,0
TSLA,2023-09-07,251.4900054931641,115312900.0,-0.0017068620153484204,0.006010719483311744,0.0985099518226803,0
TSLA,2023-09-08,248.5,118367700.0,-0.011889162304087542,0.18818577485607393,0.16198784408217703,0
TSLA,2023-09-11,273.5799865722656,174667900.0,0.10092549928477124,2.9148413515769347,-0.12265552380204126,1
TSLA,2023-09-12,267.4800109863281,135999900.0,-0.022296863386701782,0.7880353221222672,0.06523128820066948,0
TSLA,2023-09-13,271.29998779296875,111673700.0,0.014281354305895722,-0.6335571792211488,0.09358575496996363,0
TSLA,2023-09-14,276.0400085449219,107709800.0,0.017471511114000693,-0.842616971258585,0.08972918864045681,0
TSLA,2023-09-15,274.3900146484375,133422800.0,-0.005977372284481253,0.6031038319339752,0.09728971345798065,0
TSLA,2023-09-18,265.2799987792969,101543300.0,-0.033200974462619715,-1.1041060594425476,0.09825234725155713,0
TSLA,2023-09-19,266.5,103704000.0,0.004598918977371191,-0.8895034313675804,0.154350036725677,0
TSLA,2023-09-20,262.5899963378906,122514600.0,-0.014671683535119606,0.18840061169307082,0.15759903150529814,0
TSLA,2023-09-21,255.6999969482422,119531000.0,-0.026238620989897266,-0.03347316151070245,0.12108243602049962,0
TSLA,2023-09-22,244.8800048828125,127524100.0,-0.042315182614647506,0.36454961262502233,0.0673893145763802,0
TSLA,2023-09-25,246.9900054931641,104636600.0,0.00861646752809131,-1.0068493125252937,0.18056358015525248,0
TSLA,2023-09-26,244.1199951171875,101993600.0,-0.011619945391094122,-1.12875951534074,0.16788825504693455,0
TSLA,2023-09-27,240.5,136597200.0,-0.014828753029631048,0.9009877433808617,0.15516708920610417,0
TSLA,2023-09-28,246.3800048828125,117058900.0,0.02444908475181906,-0.23033251434298438,0.1611618432748383,0
TSLA,2023-09-29,250.22000122070312,128346200.0,0.015585665483353939,0.377607608663805,0.17250799042437226,0
TSLA,2023-10-02,251.6000061035156,123810400.0,0.005515166158101215,0.13556323280478672,0.1291524059692294,0
TSLA,2023-10-03,246.52999877929688,101985300.0,-0.020151062008054055,-1.059025239373621,0.15179651938868943,0
TSLA,2023-10-04,261.1600036621094,129721600.0,0.05934371052307452,0.5159285515971899,0.044567477660168,0
TSLA,2023-10-05,260.04998779296875,119159200.0,-0.00425032873937603,-0.10669677826569547,0.17464372307035508,0
TSLA,2023-10-06,260.5299987792969,117947000.0,0.001845841218459432,-0.17576266606330432,0.13201656925669641,0
TSLA,2023-10-09,259.6700134277344,101377900.0,-0.003300907210654902,-1.2941102621879996,0.13778592206708817,0
TSLA,2023-10-10,263.6199951171875,122656000.0,0.015211543440507347,0.5186810168293371,0.17641583391358706,0
TSLA,2023-10-11,262.989990234375,103706300.0,-0.002389822071472425,-1.0538293237064604,0.13023574759010537,0
TSLA,2023-10-12,258.8699951171875,111508100.0,-0.015665976919941982,-0.4181904618925607,0.1663531335660675,0
TSLA,2023-10-13,251.1199951171875,102073800.0,-0.02993780718577166,-1.1136828752079533,0.12961876275134498,0
TSLA,2023-10-16,253.9199981689453,88917200.0,0.01115006015531006,-2.0163827381146757,0.14414297195917508,0
TSLA,2023-10-17,254.8500061035156,93562900.0,0.0036626021631880334,-1.5285972874812739,0.12535293704282274,0
TSLA,2023-10-18,242.67999267578125,125147800.0,-0.04775363208267336,0.8485346542707696,0.08669908332900433,0
TSLA,2023-10-19,220.1100006103516,170772700.0,-0.09300310180733773,2.952957912492571,-0.0976752003915633,1
TSLA,2023-10-20,211.9900054931641,137734000.0,-0.036890623300491754,1.102521523488707,0.09986610472281415,0
TSLA,2023-10-23,212.0800018310547,150683400.0,0.0004245310418349302,1.5678371552122516,0.06235789354734067,0
TSLA,2023-10-24,216.5200042724609,118231100.0,0.020935507370200668,-0.09257502181880733,0.13106643166191473,0
TSLA,2023-10-25,212.4199981689453,107065100.0,-0.018935922882932776,-0.5918041647636366,0.14742853450608673,0
TSLA,2023-10-26,205.759994506836,115112600.0,-0.03135299745559916,-0.1728444492603508,0.14347447981270267,0
TSLA,2023-10-27,207.3000030517578,94881200.0,0.007484489628865498,-1.0962557491483909,0.14331930738319887,0
TSLA,2023-10-30,197.3600006103516,136448200.0,-0.04794984223383947,0.9309056951490562,0.025391592350011538,0
TSLA,2023-10-31,200.83999633789065,118068300.0,0.017632730628176496,-0.008479197216978934,0.161852834661319,0
TSLA,2023-11-01,205.6600036621093,121661700.0,0.02399924025147615,0.19190911424956741,0.14804544795392544,0
TSLA,2023-11-02,218.509994506836,125987600.0,0.06248172039245259,0.3901608993507145,0.023690250449444727,0
TSLA,2023-11-03,219.9600067138672,119281000.0,0.006635907937775576,0.05180603736010524,0.15796323020473113,0
TSLA,2023-11-06,219.2700042724609,117335800.0,-0.0031369449915678027,-0.08692010865694652,0.13189506559096187,0
TSLA,2023-11-07,222.17999267578125,116900100.0,0.013271256198382986,-0.09452153658597137,0.1852987629541904,0
TSLA,2023-11-08,222.1100006103516,106584800.0,-0.0003150241594066516,-0.6312136241357631,0.1615178251352165,0
TSLA,2023-11-09,209.97999572753903,142110500.0,-0.05461260118625755,1.0793560918018938,0.051624117562444005,0
TSLA,2023-11-10,214.6499938964844,130994000.0,0.022240205086035747,0.4621129979660854,0.16370358034341848,0
TSLA,2023-11-13,223.7100067138672,140447600.0,0.04220830689495392,0.8631443114449192,0.08732871324598135,0
TSLA,2023-11-14,237.4100036621093,149771600.0,0.06123998273248854,1.2609306838151912,-0.0016130776969910388,1
TSLA,2023-11-15,242.83999633789065,150354000.0,0.022871793909365,1.175657854448075,0.12230801899283883,0
TSLA,2023-11-16,233.58999633789065,136816800.0,-0.038090924639652135,0.6301463071327271,0.11564794261590794,0
TSLA,2023-11-17,234.3000030517578,142532800.0,0.0030395424675639937,0.9627789120217801,0.13403274363026457,0
TSLA,2023-11-20,235.6000061035156,116320100.0,0.005548455120893081,-0.5928283467533906,0.16087692023949235,0
TSLA,2023-11-21,241.1999969482422,122288000.0,0.02376906069461704,-0.2151739731861769,0.15837926418385861,0
TSLA,2023-11-22,234.2100067138672,117950600.0,-0.028980059381488954,-0.5561732849562074,0.12219690335135969,0
TSLA,2023-11-24,235.4499969482422,65125200.0,0.00529435207219775,-2.934384690522363,0.09763501253383527,0
TSLA,2023-11-27,236.0800018310547,112031800.0,0.0026757481035388775,-0.6546324233164634,0.16502093652259342,0
TSLA,2023-11-28,246.72000122070312,148549900.0,0.04506946504203557,1.2013069103731704,0.09487521917049146,0
TSLA,2023-11-29,244.13999938964844,135401300.0,-0.010457205813430348,0.48324717462022887,0.16498875014305248,0
TSLA,2023-11-30,240.0800018310547,132353200.0,-0.016629792613843564,0.3002413148428635,0.1760446596667552,0
TSLA,2023-12-01,238.8300018310547,121173500.0,-0.005206597761023168,-0.2563057327931685,0.12905518766922208,0
TSLA,2023-12-04,235.5800018310547,104099800.0,-0.01360800559009756,-1.0551682425095883,0.17069776635895678,0
TSLA,2023-12-05,238.72000122070312,137971100.0,0.013328802806870987,0.5647774252891373,0.1290951446204573,0
TSLA,2023-12-06,239.3699951171875,126436200.0,0.002722829646282676,-0.02620299661332017,0.14591752544625491,0
TSLA,2023-12-07,242.63999938964844,107142300.0,0.01366087788429815,-0.9838980669968256,0.15559821074876534,0
TSLA,2023-12-08,243.83999633789065,102980100.0,0.0049455858525417895,-1.0745186877470343,0.1405150579349732,0
TSLA,2023-12-11,239.7400054931641,97913900.0,-0.01681426716823431,-1.1935648730300357,0.15545506562263733,0
TSLA,2023-12-12,237.009994506836,95328300.0,-0.011387381846063804,-1.1823834529551673,0.1193113077668177,0
TSLA,2023-12-13,239.2899932861328,146286300.0,0.00961984233635782,1.1733291639282273,0.0974550398827903,0
TSLA,2023-12-14,251.0500030517578,160829200.0,0.04914543063053567,1.7527614225732486,0.05425735795779185,0
TSLA,2023-12-15,253.5,135720800.0,0.009758999874367902,0.6379613187340831,0.16474469609393066,0
TSLA,2023-12-18,252.0800018310547,116416500.0,-0.005601570686174839,-0.1691287896584594,0.17138124318068582,0
TSLA,2023-12-19,257.2200012207031,106737400.0,0.0203903496997484,-0.584609342796853,0.14700251352784466,0
TSLA,2023-12-20,247.13999938964844,125097000.0,-0.03918825045959673,0.24080525108769707,0.10642497806030787,0
TSLA,2023-12-21,254.5,109594200.0,0.029780693649462897,-0.4397408461104048,0.1398586108229432,0
TSLA,2023-12-22,252.5399932861328,93249800.0,-0.007701401626197146,-1.4263832006601258,0.1512637049532367,0
TSLA,2023-12-26,256.6099853515625,86892400.0,0.01611622781987765,-1.578707656705456,0.13269719396138402,0
TSLA,2023-12-27,261.44000244140625,106494400.0,0.018822405072142834,-0.5548695140134254,0.17279973813597305,0
TSLA,2023-12-28,253.17999267578125,113619900.0,-0.03159428430420175,-0.14036298528405655,0.12813718005717872,0
TSLA,2023-12-29,248.47999572753903,100615300.0,-0.018563856087400077,-0.7378209683559457,0.16196013963368433,0
TSLA,2024-01-02,248.4199981689453,104654200.0,-0.00024145830499577858,-0.48191357847030686,0.1690916003754696,0
TSLA,2024-01-03,238.4499969482422,121082600.0,-0.04013364984377277,0.3311670077153342,0.11993021538766158,0
TSLA,2024-01-04,237.92999267578125,102629300.0,-0.0021807686270334248,-0.5605404157619455,0.15873699433434746,0
TSLA,2024-01-05,237.4900054931641,92379400.0,-0.0018492295892124089,-1.0087950033216322,0.15898029788666185,0
TSLA,2024-01-08,240.4499969482422,85166600.0,0.012463646412957274,-1.2752331301882172,0.1599776530074281,0
TSLA,2024-01-09,234.9600067138672,96705700.0,-0.02283214932024613,-0.6652700790200917,0.16502532187783542,0
TSLA,2024-01-10,233.94000244140625,91628500.0,-0.004341182513256769,-0.8947334731608106,0.13542494633907803,0
TSLA,2024-01-11,227.22000122070312,105873600.0,-0.028725319101363445,-0.2128427624995675,0.13283134459735696,0
TSLA,2024-01-12,218.88999938964844,122889000.0,-0.036660513098772496,0.7699376098722941,0.09254246456552051,0
TSLA,2024-01-16,219.9100036621093,115355000.0,0.004659894354721583,0.641860750137249,0.12076444090031757,0
TSLA,2024-01-17,215.5500030517578,103164400.0,-0.01982629501953259,-0.15747869561459596,0.1140262539561892,0
TSLA,2024-01-18,211.8800048828125,108595400.0,-0.017026203279914,0.3467546417406271,0.14644073903533106,0
TSLA,2024-01-19,212.19000244140625,102095800.0,0.0014630807600990448,-0.20006319254718813,0.14551677606635077,0
TSLA,2024-01-22,208.8000030517578,117952500.0,-0.015976244642273096,1.2794408496118561,0.09743679687988116,0
TSLA,2024-01-23,209.13999938964844,106605900.0,0.0016283349277841364,0.2516980128662209,0.1252359821767528,0
